﻿<?xml version="1.0" encoding="utf-8"?>
<deployment>
  <id>45a9dcd02a9641b88d45952e78f519ea</id>
  <author>N/A</author>
  <deployer>OneDeploy</deployer>
  <authorEmail>N/A</authorEmail>
  <message>OneDeploy</message>
  <progress></progress>
  <status>Success</status>
  <statusText></statusText>
  <lastSuccessEndTime>2025-12-27T13:55:57.9714547Z</lastSuccessEndTime>
  <receivedTime>2025-12-27T13:55:47.5611585Z</receivedTime>
  <startTime>2025-12-27T13:55:47.8741582Z</startTime>
  <endTime>2025-12-27T13:55:57.9714547Z</endTime>
  <complete>True</complete>
  <is_temp>False</is_temp>
  <is_readonly>True</is_readonly>
  <project_type>OneDeploy</project_type>
  <vsproject_id></vsproject_id>
</deployment>