﻿<?xml version="1.0" encoding="utf-8"?>
<deployment>
  <id>251503f4f78e4ba683b98b3ca6046771</id>
  <author>N/A</author>
  <deployer>OneDeploy</deployer>
  <authorEmail>N/A</authorEmail>
  <message>OneDeploy</message>
  <progress></progress>
  <status>Success</status>
  <statusText></statusText>
  <lastSuccessEndTime>2025-12-27T14:13:46.5006983Z</lastSuccessEndTime>
  <receivedTime>2025-12-27T14:13:38.1413448Z</receivedTime>
  <startTime>2025-12-27T14:13:38.4538317Z</startTime>
  <endTime>2025-12-27T14:13:46.5006983Z</endTime>
  <complete>True</complete>
  <is_temp>False</is_temp>
  <is_readonly>True</is_readonly>
  <project_type>OneDeploy</project_type>
  <vsproject_id></vsproject_id>
</deployment>