<Events><Event><System><Provider Name="IIS AspNetCore Module V2"/><EventID>1027</EventID><Level>1</Level><Task>0</Task><Keywords>Keywords</Keywords><TimeCreated SystemTime="2025-12-27T12:26:33Z"/><EventRecordID>44257671</EventRecordID><Channel>Application</Channel><Computer>dw1sdwk00001L</Computer><Security/></System><EventData><Data>Unable to locate application dependencies. Ensure that the versions of Microsoft.NetCore.App and Microsoft.AspNetCore.App targeted by the application are installed.</Data><Data>Process Id: 7364.</Data><Data>File Version: 13.1.19331.0. Description: IIS ASP.NET Core Module V2. Commit: 62eee6e6d21c95668a9e9529dce6562cc6c9f3bf</Data></EventData></Event><Event><System><Provider Name="IIS AspNetCore Module V2"/><EventID>1027</EventID><Level>1</Level><Task>0</Task><Keywords>Keywords</Keywords><TimeCreated SystemTime="2025-12-27T12:26:33Z"/><EventRecordID>44257734</EventRecordID><Channel>Application</Channel><Computer>dw1sdwk00001L</Computer><Security/></System><EventData><Data>Could not find 'aspnetcorev2_inprocess.dll'. Exception message:
Error:
  An assembly specified in the application dependencies manifest (InvestmentPortfolio.Wcf.deps.json) was not found:
    package: 'System.Windows.Extensions', version: '9.0.0'
    path: 'runtimes/win/lib/net9.0/System.Windows.Extensions.dll'
</Data><Data>Process Id: 7364.</Data><Data>File Version: 13.1.19331.0. Description: IIS ASP.NET Core Module V2. Commit: 62eee6e6d21c95668a9e9529dce6562cc6c9f3bf</Data></EventData></Event><Event><System><Provider Name="IIS AspNetCore Module V2"/><EventID>1010</EventID><Level>1</Level><Task>0</Task><Keywords>Keywords</Keywords><TimeCreated SystemTime="2025-12-27T12:26:33Z"/><EventRecordID>44257921</EventRecordID><Channel>Application</Channel><Computer>dw1sdwk00001L</Computer><Security/></System><EventData><Data>Failed to start application '/LM/W3SVC/232787653/ROOT', ErrorCode '0x8000ffff'.</Data><Data>Process Id: 7364.</Data><Data>File Version: 13.1.19331.0. Description: IIS ASP.NET Core Module V2. Commit: 62eee6e6d21c95668a9e9529dce6562cc6c9f3bf</Data></EventData></Event><Event><System><Provider Name="IIS AspNetCore Module V2"/><EventID>1027</EventID><Level>1</Level><Task>0</Task><Keywords>Keywords</Keywords><TimeCreated SystemTime="2025-12-27T12:36:56Z"/><EventRecordID>44881406</EventRecordID><Channel>Application</Channel><Computer>dw1sdwk00001L</Computer><Security/></System><EventData><Data>Unable to locate application dependencies. Ensure that the versions of Microsoft.NetCore.App and Microsoft.AspNetCore.App targeted by the application are installed.</Data><Data>Process Id: 7364.</Data><Data>File Version: 13.1.19331.0. Description: IIS ASP.NET Core Module V2. Commit: 62eee6e6d21c95668a9e9529dce6562cc6c9f3bf</Data></EventData></Event><Event><System><Provider Name="IIS AspNetCore Module V2"/><EventID>1027</EventID><Level>1</Level><Task>0</Task><Keywords>Keywords</Keywords><TimeCreated SystemTime="2025-12-27T12:36:56Z"/><EventRecordID>44881421</EventRecordID><Channel>Application</Channel><Computer>dw1sdwk00001L</Computer><Security/></System><EventData><Data>Could not find 'aspnetcorev2_inprocess.dll'. Exception message:
Error:
  An assembly specified in the application dependencies manifest (InvestmentPortfolio.Wcf.deps.json) was not found:
    package: 'System.Windows.Extensions', version: '9.0.0'
    path: 'runtimes/win/lib/net9.0/System.Windows.Extensions.dll'
</Data><Data>Process Id: 7364.</Data><Data>File Version: 13.1.19331.0. Description: IIS ASP.NET Core Module V2. Commit: 62eee6e6d21c95668a9e9529dce6562cc6c9f3bf</Data></EventData></Event><Event><System><Provider Name="IIS AspNetCore Module V2"/><EventID>1010</EventID><Level>1</Level><Task>0</Task><Keywords>Keywords</Keywords><TimeCreated SystemTime="2025-12-27T12:36:56Z"/><EventRecordID>44881437</EventRecordID><Channel>Application</Channel><Computer>dw1sdwk00001L</Computer><Security/></System><EventData><Data>Failed to start application '/LM/W3SVC/232787653/ROOT', ErrorCode '0x8000ffff'.</Data><Data>Process Id: 7364.</Data><Data>File Version: 13.1.19331.0. Description: IIS ASP.NET Core Module V2. Commit: 62eee6e6d21c95668a9e9529dce6562cc6c9f3bf</Data></EventData></Event><Event><System><Provider Name="IIS AspNetCore Module V2"/><EventID>1027</EventID><Level>1</Level><Task>0</Task><Keywords>Keywords</Keywords><TimeCreated SystemTime="2025-12-27T12:40:13Z"/><EventRecordID>45078468</EventRecordID><Channel>Application</Channel><Computer>dw1sdwk00001L</Computer><Security/></System><EventData><Data>Unable to locate application dependencies. Ensure that the versions of Microsoft.NetCore.App and Microsoft.AspNetCore.App targeted by the application are installed.</Data><Data>Process Id: 1748.</Data><Data>File Version: 13.1.19331.0. Description: IIS ASP.NET Core Module V2. Commit: 62eee6e6d21c95668a9e9529dce6562cc6c9f3bf</Data></EventData></Event><Event><System><Provider Name="IIS AspNetCore Module V2"/><EventID>1027</EventID><Level>1</Level><Task>0</Task><Keywords>Keywords</Keywords><TimeCreated SystemTime="2025-12-27T12:40:13Z"/><EventRecordID>45078468</EventRecordID><Channel>Application</Channel><Computer>dw1sdwk00001L</Computer><Security/></System><EventData><Data>Could not find 'aspnetcorev2_inprocess.dll'. Exception message:
Error:
  An assembly specified in the application dependencies manifest (InvestmentPortfolio.Wcf.deps.json) was not found:
    package: 'System.Windows.Extensions', version: '9.0.0'
    path: 'runtimes/win/lib/net9.0/System.Windows.Extensions.dll'
</Data><Data>Process Id: 1748.</Data><Data>File Version: 13.1.19331.0. Description: IIS ASP.NET Core Module V2. Commit: 62eee6e6d21c95668a9e9529dce6562cc6c9f3bf</Data></EventData></Event><Event><System><Provider Name="IIS AspNetCore Module V2"/><EventID>1010</EventID><Level>1</Level><Task>0</Task><Keywords>Keywords</Keywords><TimeCreated SystemTime="2025-12-27T12:40:13Z"/><EventRecordID>45078484</EventRecordID><Channel>Application</Channel><Computer>dw1sdwk00001L</Computer><Security/></System><EventData><Data>Failed to start application '/LM/W3SVC/232787653/ROOT', ErrorCode '0x8000ffff'.</Data><Data>Process Id: 1748.</Data><Data>File Version: 13.1.19331.0. Description: IIS ASP.NET Core Module V2. Commit: 62eee6e6d21c95668a9e9529dce6562cc6c9f3bf</Data></EventData></Event><Event><System><Provider Name="IIS AspNetCore Module V2"/><EventID>1027</EventID><Level>1</Level><Task>0</Task><Keywords>Keywords</Keywords><TimeCreated SystemTime="2025-12-27T12:40:40Z"/><EventRecordID>45105125</EventRecordID><Channel>Application</Channel><Computer>dw1sdwk00001L</Computer><Security/></System><EventData><Data>Unable to locate application dependencies. Ensure that the versions of Microsoft.NetCore.App and Microsoft.AspNetCore.App targeted by the application are installed.</Data><Data>Process Id: 3140.</Data><Data>File Version: 13.1.19331.0. Description: IIS ASP.NET Core Module V2. Commit: 62eee6e6d21c95668a9e9529dce6562cc6c9f3bf</Data></EventData></Event><Event><System><Provider Name="IIS AspNetCore Module V2"/><EventID>1027</EventID><Level>1</Level><Task>0</Task><Keywords>Keywords</Keywords><TimeCreated SystemTime="2025-12-27T12:40:40Z"/><EventRecordID>45105140</EventRecordID><Channel>Application</Channel><Computer>dw1sdwk00001L</Computer><Security/></System><EventData><Data>Could not find 'aspnetcorev2_inprocess.dll'. Exception message:
Error:
  An assembly specified in the application dependencies manifest (InvestmentPortfolio.Wcf.deps.json) was not found:
    package: 'System.Windows.Extensions', version: '9.0.0'
    path: 'runtimes/win/lib/net9.0/System.Windows.Extensions.dll'
</Data><Data>Process Id: 3140.</Data><Data>File Version: 13.1.19331.0. Description: IIS ASP.NET Core Module V2. Commit: 62eee6e6d21c95668a9e9529dce6562cc6c9f3bf</Data></EventData></Event><Event><System><Provider Name="IIS AspNetCore Module V2"/><EventID>1010</EventID><Level>1</Level><Task>0</Task><Keywords>Keywords</Keywords><TimeCreated SystemTime="2025-12-27T12:40:40Z"/><EventRecordID>45105171</EventRecordID><Channel>Application</Channel><Computer>dw1sdwk00001L</Computer><Security/></System><EventData><Data>Failed to start application '/LM/W3SVC/232787653/ROOT', ErrorCode '0x8000ffff'.</Data><Data>Process Id: 3140.</Data><Data>File Version: 13.1.19331.0. Description: IIS ASP.NET Core Module V2. Commit: 62eee6e6d21c95668a9e9529dce6562cc6c9f3bf</Data></EventData></Event><Event><System><Provider Name="IIS AspNetCore Module V2"/><EventID>1032</EventID><Level>4</Level><Task>0</Task><Keywords>Keywords</Keywords><TimeCreated SystemTime="2025-12-27T12:57:49Z"/><EventRecordID>46134031</EventRecordID><Channel>Application</Channel><Computer>dw1sdwk00001L</Computer><Security/></System><EventData><Data>Application 'C:\home\site\wwwroot\' started successfully.</Data><Data>Process Id: 3140.</Data><Data>File Version: 18.0.25301.22. Description: IIS ASP.NET Core Module V2 Request Handler. Commit: </Data></EventData></Event><Event><System><Provider Name="IIS AspNetCore Module V2"/><EventID>1033</EventID><Level>4</Level><Task>0</Task><Keywords>Keywords</Keywords><TimeCreated SystemTime="2025-12-27T12:57:51Z"/><EventRecordID>46135656</EventRecordID><Channel>Application</Channel><Computer>dw1sdwk00001L</Computer><Security/></System><EventData><Data>Application 'MACHINE/WEBROOT/APPHOST/INVESTMENTPORTFOLIO-WCF' has shutdown.</Data><Data>Process Id: 3140.</Data><Data>File Version: 18.0.25301.22. Description: IIS ASP.NET Core Module V2 Request Handler. Commit: </Data></EventData></Event><Event><System><Provider Name="IIS AspNetCore Module V2"/><EventID>1032</EventID><Level>4</Level><Task>0</Task><Keywords>Keywords</Keywords><TimeCreated SystemTime="2025-12-27T13:00:23Z"/><EventRecordID>46287906</EventRecordID><Channel>Application</Channel><Computer>dw1sdwk00001L</Computer><Security/></System><EventData><Data>Application 'C:\home\site\wwwroot\' started successfully.</Data><Data>Process Id: 3780.</Data><Data>File Version: 18.0.25301.22. Description: IIS ASP.NET Core Module V2 Request Handler. Commit: </Data></EventData></Event><Event><System><Provider Name="IIS AspNetCore Module V2"/><EventID>1033</EventID><Level>4</Level><Task>0</Task><Keywords>Keywords</Keywords><TimeCreated SystemTime="2025-12-27T13:24:20Z"/><EventRecordID>47725062</EventRecordID><Channel>Application</Channel><Computer>dw1sdwk00001L</Computer><Security/></System><EventData><Data>Application 'MACHINE/WEBROOT/APPHOST/INVESTMENTPORTFOLIO-WCF' has shutdown.</Data><Data>Process Id: 3780.</Data><Data>File Version: 18.0.25301.22. Description: IIS ASP.NET Core Module V2 Request Handler. Commit: </Data></EventData></Event><Event><System><Provider Name="IIS AspNetCore Module V2"/><EventID>1032</EventID><Level>4</Level><Task>0</Task><Keywords>Keywords</Keywords><TimeCreated SystemTime="2025-12-27T13:31:03Z"/><EventRecordID>48128562</EventRecordID><Channel>Application</Channel><Computer>dw1sdwk00001L</Computer><Security/></System><EventData><Data>Application 'C:\home\site\wwwroot\' started successfully.</Data><Data>Process Id: 4916.</Data><Data>File Version: 18.0.25301.22. Description: IIS ASP.NET Core Module V2 Request Handler. Commit: </Data></EventData></Event><Event><System><Provider Name="IIS AspNetCore Module V2"/><EventID>1033</EventID><Level>4</Level><Task>0</Task><Keywords>Keywords</Keywords><TimeCreated SystemTime="2025-12-27T13:31:20Z"/><EventRecordID>48145046</EventRecordID><Channel>Application</Channel><Computer>dw1sdwk00001L</Computer><Security/></System><EventData><Data>Application 'MACHINE/WEBROOT/APPHOST/INVESTMENTPORTFOLIO-WCF' has shutdown.</Data><Data>Process Id: 4916.</Data><Data>File Version: 18.0.25301.22. Description: IIS ASP.NET Core Module V2 Request Handler. Commit: </Data></EventData></Event><Event><System><Provider Name="IIS AspNetCore Module V2"/><EventID>1032</EventID><Level>4</Level><Task>0</Task><Keywords>Keywords</Keywords><TimeCreated SystemTime="2025-12-27T13:31:44Z"/><EventRecordID>48169328</EventRecordID><Channel>Application</Channel><Computer>dw1sdwk00001L</Computer><Security/></System><EventData><Data>Application 'C:\home\site\wwwroot\' started successfully.</Data><Data>Process Id: 3120.</Data><Data>File Version: 18.0.25301.22. Description: IIS ASP.NET Core Module V2 Request Handler. Commit: </Data></EventData></Event><Event><System><Provider Name="IIS AspNetCore Module V2"/><EventID>1012</EventID><Level>4</Level><Task>0</Task><Keywords>Keywords</Keywords><TimeCreated SystemTime="2025-12-27T13:34:07Z"/><EventRecordID>48312406</EventRecordID><Channel>Application</Channel><Computer>dw1sdwk00001L</Computer><Security/></System><EventData><Data>Application 'C:\home\site\wwwroot\' was recycled after detecting app_offline.htm.</Data><Data>Process Id: 3120.</Data><Data>File Version: 18.0.25301.22. Description: IIS ASP.NET Core Module V2 Request Handler. Commit: </Data></EventData></Event><Event><System><Provider Name="IIS AspNetCore Module V2"/><EventID>1033</EventID><Level>4</Level><Task>0</Task><Keywords>Keywords</Keywords><TimeCreated SystemTime="2025-12-27T13:34:08Z"/><EventRecordID>48313031</EventRecordID><Channel>Application</Channel><Computer>dw1sdwk00001L</Computer><Security/></System><EventData><Data>Application 'MACHINE/WEBROOT/APPHOST/INVESTMENTPORTFOLIO-WCF' has shutdown.</Data><Data>Process Id: 3120.</Data><Data>File Version: 18.0.25301.22. Description: IIS ASP.NET Core Module V2 Request Handler. Commit: </Data></EventData></Event><Event><System><Provider Name="IIS AspNetCore Module V2"/><EventID>1032</EventID><Level>4</Level><Task>0</Task><Keywords>Keywords</Keywords><TimeCreated SystemTime="2025-12-27T13:34:32Z"/><EventRecordID>48337234</EventRecordID><Channel>Application</Channel><Computer>dw1sdwk00001L</Computer><Security/></System><EventData><Data>Application 'C:\home\site\wwwroot\' started successfully.</Data><Data>Process Id: 5076.</Data><Data>File Version: 18.0.25301.22. Description: IIS ASP.NET Core Module V2 Request Handler. Commit: </Data></EventData></Event><Event><System><Provider Name=".NET Runtime"/><EventID>1026</EventID><Level>1</Level><Task>0</Task><Keywords>Keywords</Keywords><TimeCreated SystemTime="2025-12-27T13:34:50Z"/><EventRecordID>48355093</EventRecordID><Channel>Application</Channel><Computer>dw1sdwk00001L</Computer><Security/></System><EventData><Data>Application: w3wp.exe
CoreCLR Version: 8.0.2225.52707
.NET Version: 8.0.22
Description: The process was terminated due to an unhandled exception.
Exception Info: System.OperationCanceledException: The operation was canceled.
   at System.Threading.CancellationToken.ThrowOperationCanceledException()
   at System.Threading.CancellationToken.ThrowIfCancellationRequested()
   at Microsoft.Extensions.Hosting.Internal.Host.StartAsync(CancellationToken cancellationToken)
   at Microsoft.Extensions.Hosting.HostingAbstractionsHostExtensions.RunAsync(IHost host, CancellationToken token)
   at Microsoft.Extensions.Hosting.HostingAbstractionsHostExtensions.RunAsync(IHost host, CancellationToken token)
   at Microsoft.Extensions.Hosting.HostingAbstractionsHostExtensions.Run(IHost host)
   at Microsoft.AspNetCore.Builder.WebApplication.Run(String url)
   at Program.&lt;Main&gt;$(String[] args) in C:\Users\gabri\Documents\IPCA\ISI\InvestmentPortfolio\InvestmentPortfolio.Wcf\Program.cs:line 252
</Data></EventData></Event><Event><System><Provider Name="IIS AspNetCore Module V2"/><EventID>1033</EventID><Level>4</Level><Task>0</Task><Keywords>Keywords</Keywords><TimeCreated SystemTime="2025-12-27T13:34:50Z"/><EventRecordID>48355093</EventRecordID><Channel>Application</Channel><Computer>dw1sdwk00001L</Computer><Security/></System><EventData><Data>Application 'MACHINE/WEBROOT/APPHOST/INVESTMENTPORTFOLIO-WCF' has shutdown.</Data><Data>Process Id: 5076.</Data><Data>File Version: 18.0.25301.22. Description: IIS ASP.NET Core Module V2 Request Handler. Commit: </Data></EventData></Event><Event><System><Provider Name="IIS AspNetCore Module V2"/><EventID>1032</EventID><Level>4</Level><Task>0</Task><Keywords>Keywords</Keywords><TimeCreated SystemTime="2025-12-27T13:35:12Z"/><EventRecordID>48377406</EventRecordID><Channel>Application</Channel><Computer>dw1sdwk00001L</Computer><Security/></System><EventData><Data>Application 'C:\home\site\wwwroot\' started successfully.</Data><Data>Process Id: 6980.</Data><Data>File Version: 18.0.25301.22. Description: IIS ASP.NET Core Module V2 Request Handler. Commit: </Data></EventData></Event><Event><System><Provider Name="IIS AspNetCore Module V2"/><EventID>1012</EventID><Level>4</Level><Task>0</Task><Keywords>Keywords</Keywords><TimeCreated SystemTime="2025-12-27T13:39:54Z"/><EventRecordID>48659156</EventRecordID><Channel>Application</Channel><Computer>dw1sdwk00001L</Computer><Security/></System><EventData><Data>Application 'C:\home\site\wwwroot\' was recycled after detecting app_offline.htm.</Data><Data>Process Id: 6980.</Data><Data>File Version: 18.0.25301.22. Description: IIS ASP.NET Core Module V2 Request Handler. Commit: </Data></EventData></Event><Event><System><Provider Name=".NET Runtime"/><EventID>1026</EventID><Level>1</Level><Task>0</Task><Keywords>Keywords</Keywords><TimeCreated SystemTime="2025-12-27T13:39:55Z"/><EventRecordID>48659843</EventRecordID><Channel>Application</Channel><Computer>dw1sdwk00001L</Computer><Security/></System><EventData><Data>Application: w3wp.exe
CoreCLR Version: 8.0.2225.52707
.NET Version: 8.0.22
Description: The process was terminated due to an unhandled exception.
Exception Info: System.OperationCanceledException: The operation was canceled.
   at System.Threading.CancellationToken.ThrowOperationCanceledException()
   at System.Threading.CancellationToken.ThrowIfCancellationRequested()
   at Microsoft.Extensions.Hosting.Internal.Host.StartAsync(CancellationToken cancellationToken)
   at Microsoft.Extensions.Hosting.HostingAbstractionsHostExtensions.RunAsync(IHost host, CancellationToken token)
   at Microsoft.Extensions.Hosting.HostingAbstractionsHostExtensions.RunAsync(IHost host, CancellationToken token)
   at Microsoft.Extensions.Hosting.HostingAbstractionsHostExtensions.Run(IHost host)
   at Microsoft.AspNetCore.Builder.WebApplication.Run(String url)
   at Program.&lt;Main&gt;$(String[] args) in C:\Users\gabri\Documents\IPCA\ISI\InvestmentPortfolio\InvestmentPortfolio.Wcf\Program.cs:line 252
</Data></EventData></Event><Event><System><Provider Name="IIS AspNetCore Module V2"/><EventID>1033</EventID><Level>4</Level><Task>0</Task><Keywords>Keywords</Keywords><TimeCreated SystemTime="2025-12-27T13:39:55Z"/><EventRecordID>48659921</EventRecordID><Channel>Application</Channel><Computer>dw1sdwk00001L</Computer><Security/></System><EventData><Data>Application 'MACHINE/WEBROOT/APPHOST/INVESTMENTPORTFOLIO-WCF' has shutdown.</Data><Data>Process Id: 6980.</Data><Data>File Version: 18.0.25301.22. Description: IIS ASP.NET Core Module V2 Request Handler. Commit: </Data></EventData></Event><Event><System><Provider Name="IIS AspNetCore Module V2"/><EventID>1032</EventID><Level>4</Level><Task>0</Task><Keywords>Keywords</Keywords><TimeCreated SystemTime="2025-12-27T13:40:29Z"/><EventRecordID>48694406</EventRecordID><Channel>Application</Channel><Computer>dw1sdwk00001L</Computer><Security/></System><EventData><Data>Application 'C:\home\site\wwwroot\' started successfully.</Data><Data>Process Id: 172.</Data><Data>File Version: 18.0.25301.22. Description: IIS ASP.NET Core Module V2 Request Handler. Commit: </Data></EventData></Event><Event><System><Provider Name="IIS AspNetCore Module V2"/><EventID>1033</EventID><Level>4</Level><Task>0</Task><Keywords>Keywords</Keywords><TimeCreated SystemTime="2025-12-27T13:40:50Z"/><EventRecordID>48715109</EventRecordID><Channel>Application</Channel><Computer>dw1sdwk00001L</Computer><Security/></System><EventData><Data>Application 'MACHINE/WEBROOT/APPHOST/INVESTMENTPORTFOLIO-WCF' has shutdown.</Data><Data>Process Id: 172.</Data><Data>File Version: 18.0.25301.22. Description: IIS ASP.NET Core Module V2 Request Handler. Commit: </Data></EventData></Event><Event><System><Provider Name="IIS AspNetCore Module V2"/><EventID>1032</EventID><Level>4</Level><Task>0</Task><Keywords>Keywords</Keywords><TimeCreated SystemTime="2025-12-27T13:42:23Z"/><EventRecordID>48807734</EventRecordID><Channel>Application</Channel><Computer>dw1sdwk00001L</Computer><Security/></System><EventData><Data>Application 'C:\home\site\wwwroot\' started successfully.</Data><Data>Process Id: 5072.</Data><Data>File Version: 18.0.25301.22. Description: IIS ASP.NET Core Module V2 Request Handler. Commit: </Data></EventData></Event><Event><System><Provider Name="IIS AspNetCore Module V2"/><EventID>1012</EventID><Level>4</Level><Task>0</Task><Keywords>Keywords</Keywords><TimeCreated SystemTime="2025-12-27T13:42:44Z"/><EventRecordID>48828968</EventRecordID><Channel>Application</Channel><Computer>dw1sdwk00001L</Computer><Security/></System><EventData><Data>Application 'C:\home\site\wwwroot\' was recycled after detecting app_offline.htm.</Data><Data>Process Id: 5072.</Data><Data>File Version: 18.0.25301.22. Description: IIS ASP.NET Core Module V2 Request Handler. Commit: </Data></EventData></Event><Event><System><Provider Name="IIS AspNetCore Module V2"/><EventID>1033</EventID><Level>4</Level><Task>0</Task><Keywords>Keywords</Keywords><TimeCreated SystemTime="2025-12-27T13:42:44Z"/><EventRecordID>48829312</EventRecordID><Channel>Application</Channel><Computer>dw1sdwk00001L</Computer><Security/></System><EventData><Data>Application 'MACHINE/WEBROOT/APPHOST/INVESTMENTPORTFOLIO-WCF' has shutdown.</Data><Data>Process Id: 5072.</Data><Data>File Version: 18.0.25301.22. Description: IIS ASP.NET Core Module V2 Request Handler. Commit: </Data></EventData></Event><Event><System><Provider Name="IIS AspNetCore Module V2"/><EventID>1032</EventID><Level>4</Level><Task>0</Task><Keywords>Keywords</Keywords><TimeCreated SystemTime="2025-12-27T13:43:18Z"/><EventRecordID>48863046</EventRecordID><Channel>Application</Channel><Computer>dw1sdwk00001L</Computer><Security/></System><EventData><Data>Application 'C:\home\site\wwwroot\' started successfully.</Data><Data>Process Id: 6264.</Data><Data>File Version: 18.0.25301.22. Description: IIS ASP.NET Core Module V2 Request Handler. Commit: </Data></EventData></Event><Event><System><Provider Name="IIS AspNetCore Module V2"/><EventID>1033</EventID><Level>4</Level><Task>0</Task><Keywords>Keywords</Keywords><TimeCreated SystemTime="2025-12-27T13:43:20Z"/><EventRecordID>48865109</EventRecordID><Channel>Application</Channel><Computer>dw1sdwk00001L</Computer><Security/></System><EventData><Data>Application 'MACHINE/WEBROOT/APPHOST/INVESTMENTPORTFOLIO-WCF' has shutdown.</Data><Data>Process Id: 6264.</Data><Data>File Version: 18.0.25301.22. Description: IIS ASP.NET Core Module V2 Request Handler. Commit: </Data></EventData></Event><Event><System><Provider Name="IIS AspNetCore Module V2"/><EventID>1032</EventID><Level>4</Level><Task>0</Task><Keywords>Keywords</Keywords><TimeCreated SystemTime="2025-12-27T13:43:55Z"/><EventRecordID>48900390</EventRecordID><Channel>Application</Channel><Computer>dw1sdwk00001L</Computer><Security/></System><EventData><Data>Application 'C:\home\site\wwwroot\' started successfully.</Data><Data>Process Id: 4100.</Data><Data>File Version: 18.0.25301.22. Description: IIS ASP.NET Core Module V2 Request Handler. Commit: </Data></EventData></Event><Event><System><Provider Name="ASP.NET 4.0.30319.0"/><EventID>1309</EventID><Level>2</Level><Task>0</Task><Keywords>Keywords</Keywords><TimeCreated SystemTime="2025-12-27T13:44:12Z"/><EventRecordID>48917500</EventRecordID><Channel>Application</Channel><Computer>dw1sdwk00001L</Computer><Security/></System><EventData><Data>3005</Data><Data>An unhandled exception has occurred.</Data><Data>12/27/2025 1:44:12 PM</Data><Data>12/27/2025 1:44:12 PM</Data><Data>6f0cd628d65c42668c5dcacbf21c3c0b</Data><Data>4</Data><Data>1</Data><Data>0</Data><Data>/LM/W3SVC/232787654/ROOT-1-134113166450605602</Data><Data>Full</Data><Data>/</Data><Data>C:\Program Files (x86)\SiteExtensions\Kudu\2025.11.1.1\</Data><Data>dw1sdwk00001L</Data><Data></Data><Data>7604</Data><Data>w3wp.exe</Data><Data>IIS APPPOOL\investmentportfolio-wcf</Data><Data>HttpException</Data><Data>The remote host closed the connection. The error code is 0x800704CD.
   at System.Web.Hosting.IIS7WorkerRequest.RaiseCommunicationError(Int32 result, Boolean throwOnDisconnect)
   at System.Web.Hosting.IIS7WorkerRequest.ExplicitFlush()
   at System.Web.HttpResponse.Flush(Boolean finalFlush, Boolean async)
   at System.Web.HttpResponse.Flush()
   at System.Web.HttpWriter.Write(String s)
   at Kudu.Services.Performance.LogStreamManager.WriteInitialMessage(HttpContext context) in C:\__w\1\s\Kudu.Services\Diagnostics\LogStreamManager.cs:line 187
   at Kudu.Services.Performance.LogStreamManager.BeginProcessRequest(HttpContext context, AsyncCallback cb, Object extraData) in C:\__w\1\s\Kudu.Services\Diagnostics\LogStreamManager.cs:line 82
   at Kudu.Services.Performance.LogStreamHandler.BeginProcessRequest(HttpContext context, AsyncCallback cb, Object extraData) in C:\__w\1\s\Kudu.Services\Diagnostics\LogStreamHandler.cs:line 36
   at System.Web.HttpApplication.CallHandlerExecutionStep.System.Web.HttpApplication.IExecutionStep.Execute()
   at System.Web.HttpApplication.ExecuteStepImpl(IExecutionStep step)
   at System.Web.HttpApplication.ExecuteStep(IExecutionStep step, Boolean&amp; completedSynchronously)

</Data><Data>https://investmentportfolio-wcf.scm.azurewebsites.net:443/logstream</Data><Data>/logstream</Data><Data>176.79.166.60</Data><Data></Data><Data>False</Data><Data></Data><Data>IIS APPPOOL\investmentportfolio-wcf</Data><Data>7</Data><Data>IIS APPPOOL\investmentportfolio-wcf</Data><Data>False</Data><Data>   at System.Web.Hosting.IIS7WorkerRequest.RaiseCommunicationError(Int32 result, Boolean throwOnDisconnect)
   at System.Web.Hosting.IIS7WorkerRequest.ExplicitFlush()
   at System.Web.HttpResponse.Flush(Boolean finalFlush, Boolean async)
   at System.Web.HttpResponse.Flush()
   at System.Web.HttpWriter.Write(String s)
   at Kudu.Services.Performance.LogStreamManager.WriteInitialMessage(HttpContext context) in C:\__w\1\s\Kudu.Services\Diagnostics\LogStreamManager.cs:line 187
   at Kudu.Services.Performance.LogStreamManager.BeginProcessRequest(HttpContext context, AsyncCallback cb, Object extraData) in C:\__w\1\s\Kudu.Services\Diagnostics\LogStreamManager.cs:line 82
   at Kudu.Services.Performance.LogStreamHandler.BeginProcessRequest(HttpContext context, AsyncCallback cb, Object extraData) in C:\__w\1\s\Kudu.Services\Diagnostics\LogStreamHandler.cs:line 36
   at System.Web.HttpApplication.CallHandlerExecutionStep.System.Web.HttpApplication.IExecutionStep.Execute()
   at System.Web.HttpApplication.ExecuteStepImpl(IExecutionStep step)
   at System.Web.HttpApplication.ExecuteStep(IExecutionStep step, Boolean&amp; completedSynchronously)
</Data></EventData></Event><Event><System><Provider Name="IIS AspNetCore Module V2"/><EventID>1012</EventID><Level>4</Level><Task>0</Task><Keywords>Keywords</Keywords><TimeCreated SystemTime="2025-12-27T13:55:50Z"/><EventRecordID>49615171</EventRecordID><Channel>Application</Channel><Computer>dw1sdwk00001L</Computer><Security/></System><EventData><Data>Application 'C:\home\site\wwwroot\' was recycled after detecting app_offline.htm.</Data><Data>Process Id: 4100.</Data><Data>File Version: 18.0.25301.22. Description: IIS ASP.NET Core Module V2 Request Handler. Commit: </Data></EventData></Event><Event><System><Provider Name="IIS AspNetCore Module V2"/><EventID>1033</EventID><Level>4</Level><Task>0</Task><Keywords>Keywords</Keywords><TimeCreated SystemTime="2025-12-27T13:55:51Z"/><EventRecordID>49615734</EventRecordID><Channel>Application</Channel><Computer>dw1sdwk00001L</Computer><Security/></System><EventData><Data>Application 'MACHINE/WEBROOT/APPHOST/INVESTMENTPORTFOLIO-WCF' has shutdown.</Data><Data>Process Id: 4100.</Data><Data>File Version: 18.0.25301.22. Description: IIS ASP.NET Core Module V2 Request Handler. Commit: </Data></EventData></Event><Event><System><Provider Name=".NET Runtime"/><EventID>1026</EventID><Level>1</Level><Task>0</Task><Keywords>Keywords</Keywords><TimeCreated SystemTime="2025-12-27T13:56:16Z"/><EventRecordID>49641328</EventRecordID><Channel>Application</Channel><Computer>dw1sdwk00001L</Computer><Security/></System><EventData><Data>Application: w3wp.exe
CoreCLR Version: 8.0.2225.52707
.NET Version: 8.0.22
Description: The process was terminated due to an unhandled exception.
Exception Info: System.InvalidOperationException: The service collection cannot be modified because it is read-only.
   at Microsoft.Extensions.DependencyInjection.ServiceCollection.ThrowReadOnlyException()
   at Microsoft.Extensions.DependencyInjection.ServiceCollection.System.Collections.Generic.ICollection&lt;Microsoft.Extensions.DependencyInjection.ServiceDescriptor&gt;.Add(ServiceDescriptor item)
   at Microsoft.Extensions.DependencyInjection.ServiceCollectionServiceExtensions.AddSingleton(IServiceCollection services, Type serviceType, Func`2 implementationFactory)
   at Microsoft.Extensions.DependencyInjection.ServiceCollectionServiceExtensions.AddSingleton[TService](IServiceCollection services, Func`2 implementationFactory)
   at Program.&lt;&gt;c__DisplayClass0_0.&lt;&lt;Main&gt;$&gt;b__3(IServiceBuilder serviceBuilder) in C:\Users\gabri\Documents\IPCA\ISI\InvestmentPortfolio\InvestmentPortfolio.Wcf\Program.cs:line 147
   at CoreWCF.Configuration.ServiceModelApplicationBuilderExtensions.UseServiceModel(IApplicationBuilder app, Action`1 configureServices)
   at CoreWCF.Configuration.WebApplicationExtensions.UseServiceModel(WebApplication app, Action`1 configureServices) in C:\Users\gabri\.nuget\packages\corewcf.primitives\1.8.0\contentFiles\CoreWCFWebApplicationExtensions.cs:line 21
   at Program.&lt;Main&gt;$(String[] args) in C:\Users\gabri\Documents\IPCA\ISI\InvestmentPortfolio\InvestmentPortfolio.Wcf\Program.cs:line 118
</Data></EventData></Event><Event><System><Provider Name="IIS AspNetCore Module V2"/><EventID>1018</EventID><Level>1</Level><Task>0</Task><Keywords>Keywords</Keywords><TimeCreated SystemTime="2025-12-27T13:56:16Z"/><EventRecordID>49641359</EventRecordID><Channel>Application</Channel><Computer>dw1sdwk00001L</Computer><Security/></System><EventData><Data>Application '/LM/W3SVC/232787653/ROOT' with physical root 'C:\home\site\wwwroot\' hit unexpected managed exception, exception code = '0xe0434352'. First 30KB characters of captured stdout and stderr logs:
Unhandled exception. System.InvalidOperationException: The service collection cannot be modified because it is read-only.
   at Microsoft.Extensions.DependencyInjection.ServiceCollection.ThrowReadOnlyException()
   at Microsoft.Extensions.DependencyInjection.ServiceCollection.System.Collections.Generic.ICollection&lt;Microsoft.Extensions.DependencyInjection.ServiceDescriptor&gt;.Add(ServiceDescriptor item)
   at Microsoft.Extensions.DependencyInjection.ServiceCollectionServiceExtensions.AddSingleton(IServiceCollection services, Type serviceType, Func`2 implementationFactory)
   at Microsoft.Extensions.DependencyInjection.ServiceCollectionServiceExtensions.AddSingleton[TService](IServiceCollection services, Func`2 implementationFactory)
   at Program.&lt;&gt;c__DisplayClass0_0.&lt;&lt;Main&gt;$&gt;b__3(IServiceBuilder serviceBuilder) in C:\Users\gabri\Documents\IPCA\ISI\InvestmentPortfolio\InvestmentPortfolio.Wcf\Program.cs:line 147
   at CoreWCF.Configuration.ServiceModelApplicationBuilderExtensions.UseServiceModel(IApplicationBuilder app, Action`1 configureServices)
   at CoreWCF.Configuration.WebApplicationExtensions.UseServiceModel(WebApplication app, Action`1 configureServices) in C:\Users\gabri\.nuget\packages\corewcf.primitives\1.8.0\contentFiles\CoreWCFWebApplicationExtensions.cs:line 21
   at Program.&lt;Main&gt;$(String[] args) in C:\Users\gabri\Documents\IPCA\ISI\InvestmentPortfolio\InvestmentPortfolio.Wcf\Program.cs:line 118
</Data><Data>Process Id: 6544.</Data><Data>File Version: 18.0.25301.22. Description: IIS ASP.NET Core Module V2 Request Handler. Commit: </Data></EventData></Event><Event><System><Provider Name="IIS AspNetCore Module V2"/><EventID>1007</EventID><Level>1</Level><Task>0</Task><Keywords>Keywords</Keywords><TimeCreated SystemTime="2025-12-27T13:56:16Z"/><EventRecordID>49641359</EventRecordID><Channel>Application</Channel><Computer>dw1sdwk00001L</Computer><Security/></System><EventData><Data>Application '/LM/W3SVC/232787653/ROOT' with physical root 'C:\home\site\wwwroot\' failed to load coreclr. Exception message:
CLR worker thread exited prematurely</Data><Data>Process Id: 6544.</Data><Data>File Version: 18.0.25301.22. Description: IIS ASP.NET Core Module V2 Request Handler. Commit: </Data></EventData></Event><Event><System><Provider Name="W3SVC-WP"/><EventID>2303</EventID><Level>2</Level><Task>0</Task><Keywords>Keywords</Keywords><TimeCreated SystemTime="2025-12-27T14:01:21Z"/><EventRecordID>49945875</EventRecordID><Channel>Application</Channel><Computer>dw1sdwk00001L</Computer><Security/></System><EventData><Data>investmentportfolio-wcf</Data><Binary>02000780</Binary></EventData></Event><Event><System><Provider Name="W3SVC-WP"/><EventID>2303</EventID><Level>2</Level><Task>0</Task><Keywords>Keywords</Keywords><TimeCreated SystemTime="2025-12-27T14:01:21Z"/><EventRecordID>49946046</EventRecordID><Channel>Application</Channel><Computer>dw1sdwk00001L</Computer><Security/></System><EventData><Data>investmentportfolio-wcf</Data><Binary>02000780</Binary></EventData></Event><Event><System><Provider Name=".NET Runtime"/><EventID>1026</EventID><Level>1</Level><Task>0</Task><Keywords>Keywords</Keywords><TimeCreated SystemTime="2025-12-27T14:03:02Z"/><EventRecordID>50046796</EventRecordID><Channel>Application</Channel><Computer>dw1sdwk00001L</Computer><Security/></System><EventData><Data>Application: w3wp.exe
CoreCLR Version: 8.0.2225.52707
.NET Version: 8.0.22
Description: The process was terminated due to an unhandled exception.
Exception Info: System.InvalidOperationException: The service collection cannot be modified because it is read-only.
   at Microsoft.Extensions.DependencyInjection.ServiceCollection.ThrowReadOnlyException()
   at Microsoft.Extensions.DependencyInjection.ServiceCollection.System.Collections.Generic.ICollection&lt;Microsoft.Extensions.DependencyInjection.ServiceDescriptor&gt;.Add(ServiceDescriptor item)
   at Microsoft.Extensions.DependencyInjection.ServiceCollectionServiceExtensions.AddSingleton(IServiceCollection services, Type serviceType, Func`2 implementationFactory)
   at Microsoft.Extensions.DependencyInjection.ServiceCollectionServiceExtensions.AddSingleton[TService](IServiceCollection services, Func`2 implementationFactory)
   at Program.&lt;&gt;c__DisplayClass0_0.&lt;&lt;Main&gt;$&gt;b__3(IServiceBuilder serviceBuilder) in C:\Users\gabri\Documents\IPCA\ISI\InvestmentPortfolio\InvestmentPortfolio.Wcf\Program.cs:line 147
   at CoreWCF.Configuration.ServiceModelApplicationBuilderExtensions.UseServiceModel(IApplicationBuilder app, Action`1 configureServices)
   at CoreWCF.Configuration.WebApplicationExtensions.UseServiceModel(WebApplication app, Action`1 configureServices) in C:\Users\gabri\.nuget\packages\corewcf.primitives\1.8.0\contentFiles\CoreWCFWebApplicationExtensions.cs:line 21
   at Program.&lt;Main&gt;$(String[] args) in C:\Users\gabri\Documents\IPCA\ISI\InvestmentPortfolio\InvestmentPortfolio.Wcf\Program.cs:line 118
</Data></EventData></Event><Event><System><Provider Name="IIS AspNetCore Module V2"/><EventID>1018</EventID><Level>1</Level><Task>0</Task><Keywords>Keywords</Keywords><TimeCreated SystemTime="2025-12-27T14:03:02Z"/><EventRecordID>50046796</EventRecordID><Channel>Application</Channel><Computer>dw1sdwk00001L</Computer><Security/></System><EventData><Data>Application '/LM/W3SVC/232787653/ROOT' with physical root 'C:\home\site\wwwroot\' hit unexpected managed exception, exception code = '0xe0434352'. First 30KB characters of captured stdout and stderr logs:
Unhandled exception. System.InvalidOperationException: The service collection cannot be modified because it is read-only.
   at Microsoft.Extensions.DependencyInjection.ServiceCollection.ThrowReadOnlyException()
   at Microsoft.Extensions.DependencyInjection.ServiceCollection.System.Collections.Generic.ICollection&lt;Microsoft.Extensions.DependencyInjection.ServiceDescriptor&gt;.Add(ServiceDescriptor item)
   at Microsoft.Extensions.DependencyInjection.ServiceCollectionServiceExtensions.AddSingleton(IServiceCollection services, Type serviceType, Func`2 implementationFactory)
   at Microsoft.Extensions.DependencyInjection.ServiceCollectionServiceExtensions.AddSingleton[TService](IServiceCollection services, Func`2 implementationFactory)
   at Program.&lt;&gt;c__DisplayClass0_0.&lt;&lt;Main&gt;$&gt;b__3(IServiceBuilder serviceBuilder) in C:\Users\gabri\Documents\IPCA\ISI\InvestmentPortfolio\InvestmentPortfolio.Wcf\Program.cs:line 147
   at CoreWCF.Configuration.ServiceModelApplicationBuilderExtensions.UseServiceModel(IApplicationBuilder app, Action`1 configureServices)
   at CoreWCF.Configuration.WebApplicationExtensions.UseServiceModel(WebApplication app, Action`1 configureServices) in C:\Users\gabri\.nuget\packages\corewcf.primitives\1.8.0\contentFiles\CoreWCFWebApplicationExtensions.cs:line 21
   at Program.&lt;Main&gt;$(String[] args) in C:\Users\gabri\Documents\IPCA\ISI\InvestmentPortfolio\InvestmentPortfolio.Wcf\Program.cs:line 118
</Data><Data>Process Id: 7436.</Data><Data>File Version: 18.0.25301.22. Description: IIS ASP.NET Core Module V2 Request Handler. Commit: </Data></EventData></Event><Event><System><Provider Name="IIS AspNetCore Module V2"/><EventID>1007</EventID><Level>1</Level><Task>0</Task><Keywords>Keywords</Keywords><TimeCreated SystemTime="2025-12-27T14:03:02Z"/><EventRecordID>50046812</EventRecordID><Channel>Application</Channel><Computer>dw1sdwk00001L</Computer><Security/></System><EventData><Data>Application '/LM/W3SVC/232787653/ROOT' with physical root 'C:\home\site\wwwroot\' failed to load coreclr. Exception message:
CLR worker thread exited prematurely</Data><Data>Process Id: 7436.</Data><Data>File Version: 18.0.25301.22. Description: IIS ASP.NET Core Module V2 Request Handler. Commit: </Data></EventData></Event><Event><System><Provider Name=".NET Runtime"/><EventID>1026</EventID><Level>1</Level><Task>0</Task><Keywords>Keywords</Keywords><TimeCreated SystemTime="2025-12-27T14:08:49Z"/><EventRecordID>50394546</EventRecordID><Channel>Application</Channel><Computer>dw1sdwk00001L</Computer><Security/></System><EventData><Data>Application: w3wp.exe
CoreCLR Version: 8.0.2225.52707
.NET Version: 8.0.22
Description: The process was terminated due to an unhandled exception.
Exception Info: System.InvalidOperationException: The service collection cannot be modified because it is read-only.
   at Microsoft.Extensions.DependencyInjection.ServiceCollection.ThrowReadOnlyException()
   at Microsoft.Extensions.DependencyInjection.ServiceCollection.System.Collections.Generic.ICollection&lt;Microsoft.Extensions.DependencyInjection.ServiceDescriptor&gt;.Add(ServiceDescriptor item)
   at Microsoft.Extensions.DependencyInjection.ServiceCollectionServiceExtensions.AddSingleton(IServiceCollection services, Type serviceType, Func`2 implementationFactory)
   at Microsoft.Extensions.DependencyInjection.ServiceCollectionServiceExtensions.AddSingleton[TService](IServiceCollection services, Func`2 implementationFactory)
   at Program.&lt;&gt;c__DisplayClass0_0.&lt;&lt;Main&gt;$&gt;b__3(IServiceBuilder serviceBuilder) in C:\Users\gabri\Documents\IPCA\ISI\InvestmentPortfolio\InvestmentPortfolio.Wcf\Program.cs:line 147
   at CoreWCF.Configuration.ServiceModelApplicationBuilderExtensions.UseServiceModel(IApplicationBuilder app, Action`1 configureServices)
   at CoreWCF.Configuration.WebApplicationExtensions.UseServiceModel(WebApplication app, Action`1 configureServices) in C:\Users\gabri\.nuget\packages\corewcf.primitives\1.8.0\contentFiles\CoreWCFWebApplicationExtensions.cs:line 21
   at Program.&lt;Main&gt;$(String[] args) in C:\Users\gabri\Documents\IPCA\ISI\InvestmentPortfolio\InvestmentPortfolio.Wcf\Program.cs:line 118
</Data></EventData></Event><Event><System><Provider Name="IIS AspNetCore Module V2"/><EventID>1018</EventID><Level>1</Level><Task>0</Task><Keywords>Keywords</Keywords><TimeCreated SystemTime="2025-12-27T14:08:49Z"/><EventRecordID>50394562</EventRecordID><Channel>Application</Channel><Computer>dw1sdwk00001L</Computer><Security/></System><EventData><Data>Application '/LM/W3SVC/232787653/ROOT' with physical root 'C:\home\site\wwwroot\' hit unexpected managed exception, exception code = '0xe0434352'. First 30KB characters of captured stdout and stderr logs:
Unhandled exception. System.InvalidOperationException: The service collection cannot be modified because it is read-only.
   at Microsoft.Extensions.DependencyInjection.ServiceCollection.ThrowReadOnlyException()
   at Microsoft.Extensions.DependencyInjection.ServiceCollection.System.Collections.Generic.ICollection&lt;Microsoft.Extensions.DependencyInjection.ServiceDescriptor&gt;.Add(ServiceDescriptor item)
   at Microsoft.Extensions.DependencyInjection.ServiceCollectionServiceExtensions.AddSingleton(IServiceCollection services, Type serviceType, Func`2 implementationFactory)
   at Microsoft.Extensions.DependencyInjection.ServiceCollectionServiceExtensions.AddSingleton[TService](IServiceCollection services, Func`2 implementationFactory)
   at Program.&lt;&gt;c__DisplayClass0_0.&lt;&lt;Main&gt;$&gt;b__3(IServiceBuilder serviceBuilder) in C:\Users\gabri\Documents\IPCA\ISI\InvestmentPortfolio\InvestmentPortfolio.Wcf\Program.cs:line 147
   at CoreWCF.Configuration.ServiceModelApplicationBuilderExtensions.UseServiceModel(IApplicationBuilder app, Action`1 configureServices)
   at CoreWCF.Configuration.WebApplicationExtensions.UseServiceModel(WebApplication app, Action`1 configureServices) in C:\Users\gabri\.nuget\packages\corewcf.primitives\1.8.0\contentFiles\CoreWCFWebApplicationExtensions.cs:line 21
   at Program.&lt;Main&gt;$(String[] args) in C:\Users\gabri\Documents\IPCA\ISI\InvestmentPortfolio\InvestmentPortfolio.Wcf\Program.cs:line 118
</Data><Data>Process Id: 2044.</Data><Data>File Version: 18.0.25301.22. Description: IIS ASP.NET Core Module V2 Request Handler. Commit: </Data></EventData></Event><Event><System><Provider Name="IIS AspNetCore Module V2"/><EventID>1007</EventID><Level>1</Level><Task>0</Task><Keywords>Keywords</Keywords><TimeCreated SystemTime="2025-12-27T14:08:49Z"/><EventRecordID>50394578</EventRecordID><Channel>Application</Channel><Computer>dw1sdwk00001L</Computer><Security/></System><EventData><Data>Application '/LM/W3SVC/232787653/ROOT' with physical root 'C:\home\site\wwwroot\' failed to load coreclr. Exception message:
CLR worker thread exited prematurely</Data><Data>Process Id: 2044.</Data><Data>File Version: 18.0.25301.22. Description: IIS ASP.NET Core Module V2 Request Handler. Commit: </Data></EventData></Event><Event><System><Provider Name="IIS AspNetCore Module V2"/><EventID>1012</EventID><Level>4</Level><Task>0</Task><Keywords>Keywords</Keywords><TimeCreated SystemTime="2025-12-27T14:09:20Z"/><EventRecordID>50424796</EventRecordID><Channel>Application</Channel><Computer>dw1sdwk00001L</Computer><Security/></System><EventData><Data>Application 'C:\home\site\wwwroot\' was recycled after detecting app_offline.htm.</Data><Data>Process Id: 2044.</Data><Data>File Version: 18.0.25301.22. Description: IIS ASP.NET Core Module V2 Request Handler. Commit: </Data></EventData></Event><Event><System><Provider Name="IIS AspNetCore Module V2"/><EventID>1012</EventID><Level>4</Level><Task>0</Task><Keywords>Keywords</Keywords><TimeCreated SystemTime="2025-12-27T14:09:20Z"/><EventRecordID>50425015</EventRecordID><Channel>Application</Channel><Computer>dw1sdwk00001L</Computer><Security/></System><EventData><Data>Application 'C:\home\site\wwwroot\' was recycled after detecting app_offline.htm.</Data><Data>Process Id: 2044.</Data><Data>File Version: 18.0.25301.22. Description: IIS ASP.NET Core Module V2 Request Handler. Commit: </Data></EventData></Event><Event><System><Provider Name=".NET Runtime"/><EventID>1026</EventID><Level>1</Level><Task>0</Task><Keywords>Keywords</Keywords><TimeCreated SystemTime="2025-12-27T14:10:11Z"/><EventRecordID>50476312</EventRecordID><Channel>Application</Channel><Computer>dw1sdwk00001L</Computer><Security/></System><EventData><Data>Application: w3wp.exe
CoreCLR Version: 8.0.2225.52707
.NET Version: 8.0.22
Description: The process was terminated due to an unhandled exception.
Exception Info: System.ArgumentException: Could not find service '{0}' in configured services. Service must be registered using 'IServiceBuilder.AddService&lt;TService&gt;(...)' before registering a service endpoint using 'IServiceBuilder.AddServiceEndpoint&lt;TService, TContract&gt;(...)' (Parameter 'service')
   at CoreWCF.Configuration.ServiceBuilder.AddServiceEndpoint(Type service, Type implementedContract, Binding binding, Uri address, Uri listenUri, Action`1 configureEndpoint)
   at CoreWCF.Configuration.ServiceBuilder.AddServiceEndpoint[TService](Type implementedContract, Binding binding, Uri address, Uri listenUri)
   at CoreWCF.Configuration.ServiceBuilder.AddServiceEndpoint[TService](Type implementedContract, Binding binding, String address, Uri listenUri)
   at CoreWCF.Configuration.ServiceBuilder.AddServiceEndpoint[TService](Type implementedContract, Binding binding, String address)
   at CoreWCF.Configuration.ServiceBuilder.AddServiceEndpoint[TService,TContract](Binding binding, String address)
   at Program.&lt;&gt;c__DisplayClass0_0.&lt;&lt;Main&gt;$&gt;b__3(IServiceBuilder serviceBuilder) in C:\Users\gabri\Documents\IPCA\ISI\InvestmentPortfolio\InvestmentPortfolio.Wcf\Program.cs:line 120
   at CoreWCF.Configuration.ServiceModelApplicationBuilderExtensions.UseServiceModel(IApplicationBuilder app, Action`1 configureServices)
   at CoreWCF.Configuration.WebApplicationExtensions.UseServiceModel(WebApplication app, Action`1 configureServices) in C:\Users\gabri\.nuget\packages\corewcf.primitives\1.8.0\contentFiles\CoreWCFWebApplicationExtensions.cs:line 21
   at Program.&lt;Main&gt;$(String[] args) in C:\Users\gabri\Documents\IPCA\ISI\InvestmentPortfolio\InvestmentPortfolio.Wcf\Program.cs:line 111
</Data></EventData></Event><Event><System><Provider Name="IIS AspNetCore Module V2"/><EventID>1018</EventID><Level>1</Level><Task>0</Task><Keywords>Keywords</Keywords><TimeCreated SystemTime="2025-12-27T14:10:11Z"/><EventRecordID>50476343</EventRecordID><Channel>Application</Channel><Computer>dw1sdwk00001L</Computer><Security/></System><EventData><Data>Application '/LM/W3SVC/232787653/ROOT' with physical root 'C:\home\site\wwwroot\' hit unexpected managed exception, exception code = '0xe0434352'. First 30KB characters of captured stdout and stderr logs:
Unhandled exception. System.ArgumentException: Could not find service '{0}' in configured services. Service must be registered using 'IServiceBuilder.AddService&lt;TService&gt;(...)' before registering a service endpoint using 'IServiceBuilder.AddServiceEndpoint&lt;TService, TContract&gt;(...)' (Parameter 'service')
   at CoreWCF.Configuration.ServiceBuilder.AddServiceEndpoint(Type service, Type implementedContract, Binding binding, Uri address, Uri listenUri, Action`1 configureEndpoint)
   at CoreWCF.Configuration.ServiceBuilder.AddServiceEndpoint[TService](Type implementedContract, Binding binding, Uri address, Uri listenUri)
   at CoreWCF.Configuration.ServiceBuilder.AddServiceEndpoint[TService](Type implementedContract, Binding binding, String address, Uri listenUri)
   at CoreWCF.Configuration.ServiceBuilder.AddServiceEndpoint[TService](Type implementedContract, Binding binding, String address)
   at CoreWCF.Configuration.ServiceBuilder.AddServiceEndpoint[TService,TContract](Binding binding, String address)
   at Program.&lt;&gt;c__DisplayClass0_0.&lt;&lt;Main&gt;$&gt;b__3(IServiceBuilder serviceBuilder) in C:\Users\gabri\Documents\IPCA\ISI\InvestmentPortfolio\InvestmentPortfolio.Wcf\Program.cs:line 120
   at CoreWCF.Configuration.ServiceModelApplicationBuilderExtensions.UseServiceModel(IApplicationBuilder app, Action`1 configureServices)
   at CoreWCF.Configuration.WebApplicationExtensions.UseServiceModel(WebApplication app, Action`1 configureServices) in C:\Users\gabri\.nuget\packages\corewcf.primitives\1.8.0\contentFiles\CoreWCFWebApplicationExtensions.cs:line 21
   at Program.&lt;Main&gt;$(String[] args) in C:\Users\gabri\Documents\IPCA\ISI\InvestmentPortfolio\InvestmentPortfolio.Wcf\Program.cs:line 111
</Data><Data>Process Id: 2644.</Data><Data>File Version: 18.0.25301.22. Description: IIS ASP.NET Core Module V2 Request Handler. Commit: </Data></EventData></Event><Event><System><Provider Name="IIS AspNetCore Module V2"/><EventID>1007</EventID><Level>1</Level><Task>0</Task><Keywords>Keywords</Keywords><TimeCreated SystemTime="2025-12-27T14:10:11Z"/><EventRecordID>50476359</EventRecordID><Channel>Application</Channel><Computer>dw1sdwk00001L</Computer><Security/></System><EventData><Data>Application '/LM/W3SVC/232787653/ROOT' with physical root 'C:\home\site\wwwroot\' failed to load coreclr. Exception message:
CLR worker thread exited prematurely</Data><Data>Process Id: 2644.</Data><Data>File Version: 18.0.25301.22. Description: IIS ASP.NET Core Module V2 Request Handler. Commit: </Data></EventData></Event><Event><System><Provider Name="IIS AspNetCore Module V2"/><EventID>1012</EventID><Level>4</Level><Task>0</Task><Keywords>Keywords</Keywords><TimeCreated SystemTime="2025-12-27T14:13:40Z"/><EventRecordID>50684734</EventRecordID><Channel>Application</Channel><Computer>dw1sdwk00001L</Computer><Security/></System><EventData><Data>Application 'C:\home\site\wwwroot\' was recycled after detecting app_offline.htm.</Data><Data>Process Id: 2644.</Data><Data>File Version: 18.0.25301.22. Description: IIS ASP.NET Core Module V2 Request Handler. Commit: </Data></EventData></Event><Event><System><Provider Name="IIS AspNetCore Module V2"/><EventID>1012</EventID><Level>4</Level><Task>0</Task><Keywords>Keywords</Keywords><TimeCreated SystemTime="2025-12-27T14:13:41Z"/><EventRecordID>50685593</EventRecordID><Channel>Application</Channel><Computer>dw1sdwk00001L</Computer><Security/></System><EventData><Data>Application 'C:\home\site\wwwroot\' was recycled after detecting app_offline.htm.</Data><Data>Process Id: 2644.</Data><Data>File Version: 18.0.25301.22. Description: IIS ASP.NET Core Module V2 Request Handler. Commit: </Data></EventData></Event><Event><System><Provider Name=".NET Runtime"/><EventID>1026</EventID><Level>1</Level><Task>0</Task><Keywords>Keywords</Keywords><TimeCreated SystemTime="2025-12-27T14:14:09Z"/><EventRecordID>50714171</EventRecordID><Channel>Application</Channel><Computer>dw1sdwk00001L</Computer><Security/></System><EventData><Data>Application: w3wp.exe
CoreCLR Version: 8.0.2225.52707
.NET Version: 8.0.22
Description: The process was terminated due to an unhandled exception.
Exception Info: System.ArgumentException: Could not find service '{0}' in configured services. Service must be registered using 'IServiceBuilder.AddService&lt;TService&gt;(...)' before registering a service endpoint using 'IServiceBuilder.AddServiceEndpoint&lt;TService, TContract&gt;(...)' (Parameter 'service')
   at CoreWCF.Configuration.ServiceBuilder.AddServiceEndpoint(Type service, Type implementedContract, Binding binding, Uri address, Uri listenUri, Action`1 configureEndpoint)
   at CoreWCF.Configuration.ServiceBuilder.AddServiceEndpoint[TService](Type implementedContract, Binding binding, Uri address, Uri listenUri)
   at CoreWCF.Configuration.ServiceBuilder.AddServiceEndpoint[TService](Type implementedContract, Binding binding, String address, Uri listenUri)
   at CoreWCF.Configuration.ServiceBuilder.AddServiceEndpoint[TService](Type implementedContract, Binding binding, String address)
   at CoreWCF.Configuration.ServiceBuilder.AddServiceEndpoint[TService,TContract](Binding binding, String address)
   at Program.&lt;&gt;c__DisplayClass0_0.&lt;&lt;Main&gt;$&gt;b__3(IServiceBuilder serviceBuilder) in C:\Users\gabri\Documents\IPCA\ISI\InvestmentPortfolio\InvestmentPortfolio.Wcf\Program.cs:line 120
   at CoreWCF.Configuration.ServiceModelApplicationBuilderExtensions.UseServiceModel(IApplicationBuilder app, Action`1 configureServices)
   at CoreWCF.Configuration.WebApplicationExtensions.UseServiceModel(WebApplication app, Action`1 configureServices) in C:\Users\gabri\.nuget\packages\corewcf.primitives\1.8.0\contentFiles\CoreWCFWebApplicationExtensions.cs:line 21
   at Program.&lt;Main&gt;$(String[] args) in C:\Users\gabri\Documents\IPCA\ISI\InvestmentPortfolio\InvestmentPortfolio.Wcf\Program.cs:line 111
</Data></EventData></Event><Event><System><Provider Name="IIS AspNetCore Module V2"/><EventID>1018</EventID><Level>1</Level><Task>0</Task><Keywords>Keywords</Keywords><TimeCreated SystemTime="2025-12-27T14:14:09Z"/><EventRecordID>50714171</EventRecordID><Channel>Application</Channel><Computer>dw1sdwk00001L</Computer><Security/></System><EventData><Data>Application '/LM/W3SVC/232787653/ROOT' with physical root 'C:\home\site\wwwroot\' hit unexpected managed exception, exception code = '0xe0434352'. First 30KB characters of captured stdout and stderr logs:
Unhandled exception. System.ArgumentException: Could not find service '{0}' in configured services. Service must be registered using 'IServiceBuilder.AddService&lt;TService&gt;(...)' before registering a service endpoint using 'IServiceBuilder.AddServiceEndpoint&lt;TService, TContract&gt;(...)' (Parameter 'service')
   at CoreWCF.Configuration.ServiceBuilder.AddServiceEndpoint(Type service, Type implementedContract, Binding binding, Uri address, Uri listenUri, Action`1 configureEndpoint)
   at CoreWCF.Configuration.ServiceBuilder.AddServiceEndpoint[TService](Type implementedContract, Binding binding, Uri address, Uri listenUri)
   at CoreWCF.Configuration.ServiceBuilder.AddServiceEndpoint[TService](Type implementedContract, Binding binding, String address, Uri listenUri)
   at CoreWCF.Configuration.ServiceBuilder.AddServiceEndpoint[TService](Type implementedContract, Binding binding, String address)
   at CoreWCF.Configuration.ServiceBuilder.AddServiceEndpoint[TService,TContract](Binding binding, String address)
   at Program.&lt;&gt;c__DisplayClass0_0.&lt;&lt;Main&gt;$&gt;b__3(IServiceBuilder serviceBuilder) in C:\Users\gabri\Documents\IPCA\ISI\InvestmentPortfolio\InvestmentPortfolio.Wcf\Program.cs:line 120
   at CoreWCF.Configuration.ServiceModelApplicationBuilderExtensions.UseServiceModel(IApplicationBuilder app, Action`1 configureServices)
   at CoreWCF.Configuration.WebApplicationExtensions.UseServiceModel(WebApplication app, Action`1 configureServices) in C:\Users\gabri\.nuget\packages\corewcf.primitives\1.8.0\contentFiles\CoreWCFWebApplicationExtensions.cs:line 21
   at Program.&lt;Main&gt;$(String[] args) in C:\Users\gabri\Documents\IPCA\ISI\InvestmentPortfolio\InvestmentPortfolio.Wcf\Program.cs:line 111
</Data><Data>Process Id: 4136.</Data><Data>File Version: 18.0.25301.22. Description: IIS ASP.NET Core Module V2 Request Handler. Commit: </Data></EventData></Event><Event><System><Provider Name="IIS AspNetCore Module V2"/><EventID>1007</EventID><Level>1</Level><Task>0</Task><Keywords>Keywords</Keywords><TimeCreated SystemTime="2025-12-27T14:14:09Z"/><EventRecordID>50714187</EventRecordID><Channel>Application</Channel><Computer>dw1sdwk00001L</Computer><Security/></System><EventData><Data>Application '/LM/W3SVC/232787653/ROOT' with physical root 'C:\home\site\wwwroot\' failed to load coreclr. Exception message:
CLR worker thread exited prematurely</Data><Data>Process Id: 4136.</Data><Data>File Version: 18.0.25301.22. Description: IIS ASP.NET Core Module V2 Request Handler. Commit: </Data></EventData></Event><Event><System><Provider Name=".NET Runtime"/><EventID>1026</EventID><Level>1</Level><Task>0</Task><Keywords>Keywords</Keywords><TimeCreated SystemTime="2025-12-27T14:16:09Z"/><EventRecordID>50834031</EventRecordID><Channel>Application</Channel><Computer>dw1sdwk00001L</Computer><Security/></System><EventData><Data>Application: w3wp.exe
CoreCLR Version: 8.0.2225.52707
.NET Version: 8.0.22
Description: The process was terminated due to an unhandled exception.
Exception Info: System.ArgumentException: Could not find service '{0}' in configured services. Service must be registered using 'IServiceBuilder.AddService&lt;TService&gt;(...)' before registering a service endpoint using 'IServiceBuilder.AddServiceEndpoint&lt;TService, TContract&gt;(...)' (Parameter 'service')
   at CoreWCF.Configuration.ServiceBuilder.AddServiceEndpoint(Type service, Type implementedContract, Binding binding, Uri address, Uri listenUri, Action`1 configureEndpoint)
   at CoreWCF.Configuration.ServiceBuilder.AddServiceEndpoint[TService](Type implementedContract, Binding binding, Uri address, Uri listenUri)
   at CoreWCF.Configuration.ServiceBuilder.AddServiceEndpoint[TService](Type implementedContract, Binding binding, String address, Uri listenUri)
   at CoreWCF.Configuration.ServiceBuilder.AddServiceEndpoint[TService](Type implementedContract, Binding binding, String address)
   at CoreWCF.Configuration.ServiceBuilder.AddServiceEndpoint[TService,TContract](Binding binding, String address)
   at Program.&lt;&gt;c__DisplayClass0_0.&lt;&lt;Main&gt;$&gt;b__3(IServiceBuilder serviceBuilder) in C:\Users\gabri\Documents\IPCA\ISI\InvestmentPortfolio\InvestmentPortfolio.Wcf\Program.cs:line 120
   at CoreWCF.Configuration.ServiceModelApplicationBuilderExtensions.UseServiceModel(IApplicationBuilder app, Action`1 configureServices)
   at CoreWCF.Configuration.WebApplicationExtensions.UseServiceModel(WebApplication app, Action`1 configureServices) in C:\Users\gabri\.nuget\packages\corewcf.primitives\1.8.0\contentFiles\CoreWCFWebApplicationExtensions.cs:line 21
   at Program.&lt;Main&gt;$(String[] args) in C:\Users\gabri\Documents\IPCA\ISI\InvestmentPortfolio\InvestmentPortfolio.Wcf\Program.cs:line 111
</Data></EventData></Event><Event><System><Provider Name="IIS AspNetCore Module V2"/><EventID>1018</EventID><Level>1</Level><Task>0</Task><Keywords>Keywords</Keywords><TimeCreated SystemTime="2025-12-27T14:16:09Z"/><EventRecordID>50834046</EventRecordID><Channel>Application</Channel><Computer>dw1sdwk00001L</Computer><Security/></System><EventData><Data>Application '/LM/W3SVC/232787653/ROOT' with physical root 'C:\home\site\wwwroot\' hit unexpected managed exception, exception code = '0xe0434352'. First 30KB characters of captured stdout and stderr logs:
Unhandled exception. System.ArgumentException: Could not find service '{0}' in configured services. Service must be registered using 'IServiceBuilder.AddService&lt;TService&gt;(...)' before registering a service endpoint using 'IServiceBuilder.AddServiceEndpoint&lt;TService, TContract&gt;(...)' (Parameter 'service')
   at CoreWCF.Configuration.ServiceBuilder.AddServiceEndpoint(Type service, Type implementedContract, Binding binding, Uri address, Uri listenUri, Action`1 configureEndpoint)
   at CoreWCF.Configuration.ServiceBuilder.AddServiceEndpoint[TService](Type implementedContract, Binding binding, Uri address, Uri listenUri)
   at CoreWCF.Configuration.ServiceBuilder.AddServiceEndpoint[TService](Type implementedContract, Binding binding, String address, Uri listenUri)
   at CoreWCF.Configuration.ServiceBuilder.AddServiceEndpoint[TService](Type implementedContract, Binding binding, String address)
   at CoreWCF.Configuration.ServiceBuilder.AddServiceEndpoint[TService,TContract](Binding binding, String address)
   at Program.&lt;&gt;c__DisplayClass0_0.&lt;&lt;Main&gt;$&gt;b__3(IServiceBuilder serviceBuilder) in C:\Users\gabri\Documents\IPCA\ISI\InvestmentPortfolio\InvestmentPortfolio.Wcf\Program.cs:line 120
   at CoreWCF.Configuration.ServiceModelApplicationBuilderExtensions.UseServiceModel(IApplicationBuilder app, Action`1 configureServices)
   at CoreWCF.Configuration.WebApplicationExtensions.UseServiceModel(WebApplication app, Action`1 configureServices) in C:\Users\gabri\.nuget\packages\corewcf.primitives\1.8.0\contentFiles\CoreWCFWebApplicationExtensions.cs:line 21
   at Program.&lt;Main&gt;$(String[] args) in C:\Users\gabri\Documents\IPCA\ISI\InvestmentPortfolio\InvestmentPortfolio.Wcf\Program.cs:line 111
</Data><Data>Process Id: 1748.</Data><Data>File Version: 18.0.25301.22. Description: IIS ASP.NET Core Module V2 Request Handler. Commit: </Data></EventData></Event><Event><System><Provider Name="IIS AspNetCore Module V2"/><EventID>1007</EventID><Level>1</Level><Task>0</Task><Keywords>Keywords</Keywords><TimeCreated SystemTime="2025-12-27T14:16:09Z"/><EventRecordID>50834046</EventRecordID><Channel>Application</Channel><Computer>dw1sdwk00001L</Computer><Security/></System><EventData><Data>Application '/LM/W3SVC/232787653/ROOT' with physical root 'C:\home\site\wwwroot\' failed to load coreclr. Exception message:
CLR worker thread exited prematurely</Data><Data>Process Id: 1748.</Data><Data>File Version: 18.0.25301.22. Description: IIS ASP.NET Core Module V2 Request Handler. Commit: </Data></EventData></Event><Event><System><Provider Name=".NET Runtime"/><EventID>1026</EventID><Level>1</Level><Task>0</Task><Keywords>Keywords</Keywords><TimeCreated SystemTime="2025-12-27T14:16:48Z"/><EventRecordID>50873421</EventRecordID><Channel>Application</Channel><Computer>dw1sdwk00001L</Computer><Security/></System><EventData><Data>Application: w3wp.exe
CoreCLR Version: 8.0.2225.52707
.NET Version: 8.0.22
Description: The process was terminated due to an unhandled exception.
Exception Info: System.ArgumentException: Could not find service '{0}' in configured services. Service must be registered using 'IServiceBuilder.AddService&lt;TService&gt;(...)' before registering a service endpoint using 'IServiceBuilder.AddServiceEndpoint&lt;TService, TContract&gt;(...)' (Parameter 'service')
   at CoreWCF.Configuration.ServiceBuilder.AddServiceEndpoint(Type service, Type implementedContract, Binding binding, Uri address, Uri listenUri, Action`1 configureEndpoint)
   at CoreWCF.Configuration.ServiceBuilder.AddServiceEndpoint[TService](Type implementedContract, Binding binding, Uri address, Uri listenUri)
   at CoreWCF.Configuration.ServiceBuilder.AddServiceEndpoint[TService](Type implementedContract, Binding binding, String address, Uri listenUri)
   at CoreWCF.Configuration.ServiceBuilder.AddServiceEndpoint[TService](Type implementedContract, Binding binding, String address)
   at CoreWCF.Configuration.ServiceBuilder.AddServiceEndpoint[TService,TContract](Binding binding, String address)
   at Program.&lt;&gt;c__DisplayClass0_0.&lt;&lt;Main&gt;$&gt;b__3(IServiceBuilder serviceBuilder) in C:\Users\gabri\Documents\IPCA\ISI\InvestmentPortfolio\InvestmentPortfolio.Wcf\Program.cs:line 120
   at CoreWCF.Configuration.ServiceModelApplicationBuilderExtensions.UseServiceModel(IApplicationBuilder app, Action`1 configureServices)
   at CoreWCF.Configuration.WebApplicationExtensions.UseServiceModel(WebApplication app, Action`1 configureServices) in C:\Users\gabri\.nuget\packages\corewcf.primitives\1.8.0\contentFiles\CoreWCFWebApplicationExtensions.cs:line 21
   at Program.&lt;Main&gt;$(String[] args) in C:\Users\gabri\Documents\IPCA\ISI\InvestmentPortfolio\InvestmentPortfolio.Wcf\Program.cs:line 111
</Data></EventData></Event><Event><System><Provider Name="IIS AspNetCore Module V2"/><EventID>1018</EventID><Level>1</Level><Task>0</Task><Keywords>Keywords</Keywords><TimeCreated SystemTime="2025-12-27T14:16:48Z"/><EventRecordID>50873421</EventRecordID><Channel>Application</Channel><Computer>dw1sdwk00001L</Computer><Security/></System><EventData><Data>Application '/LM/W3SVC/232787653/ROOT' with physical root 'C:\home\site\wwwroot\' hit unexpected managed exception, exception code = '0xe0434352'. First 30KB characters of captured stdout and stderr logs:
Unhandled exception. System.ArgumentException: Could not find service '{0}' in configured services. Service must be registered using 'IServiceBuilder.AddService&lt;TService&gt;(...)' before registering a service endpoint using 'IServiceBuilder.AddServiceEndpoint&lt;TService, TContract&gt;(...)' (Parameter 'service')
   at CoreWCF.Configuration.ServiceBuilder.AddServiceEndpoint(Type service, Type implementedContract, Binding binding, Uri address, Uri listenUri, Action`1 configureEndpoint)
   at CoreWCF.Configuration.ServiceBuilder.AddServiceEndpoint[TService](Type implementedContract, Binding binding, Uri address, Uri listenUri)
   at CoreWCF.Configuration.ServiceBuilder.AddServiceEndpoint[TService](Type implementedContract, Binding binding, String address, Uri listenUri)
   at CoreWCF.Configuration.ServiceBuilder.AddServiceEndpoint[TService](Type implementedContract, Binding binding, String address)
   at CoreWCF.Configuration.ServiceBuilder.AddServiceEndpoint[TService,TContract](Binding binding, String address)
   at Program.&lt;&gt;c__DisplayClass0_0.&lt;&lt;Main&gt;$&gt;b__3(IServiceBuilder serviceBuilder) in C:\Users\gabri\Documents\IPCA\ISI\InvestmentPortfolio\InvestmentPortfolio.Wcf\Program.cs:line 120
   at CoreWCF.Configuration.ServiceModelApplicationBuilderExtensions.UseServiceModel(IApplicationBuilder app, Action`1 configureServices)
   at CoreWCF.Configuration.WebApplicationExtensions.UseServiceModel(WebApplication app, Action`1 configureServices) in C:\Users\gabri\.nuget\packages\corewcf.primitives\1.8.0\contentFiles\CoreWCFWebApplicationExtensions.cs:line 21
   at Program.&lt;Main&gt;$(String[] args) in C:\Users\gabri\Documents\IPCA\ISI\InvestmentPortfolio\InvestmentPortfolio.Wcf\Program.cs:line 111
</Data><Data>Process Id: 2072.</Data><Data>File Version: 18.0.25301.22. Description: IIS ASP.NET Core Module V2 Request Handler. Commit: </Data></EventData></Event><Event><System><Provider Name="IIS AspNetCore Module V2"/><EventID>1007</EventID><Level>1</Level><Task>0</Task><Keywords>Keywords</Keywords><TimeCreated SystemTime="2025-12-27T14:16:48Z"/><EventRecordID>50873437</EventRecordID><Channel>Application</Channel><Computer>dw1sdwk00001L</Computer><Security/></System><EventData><Data>Application '/LM/W3SVC/232787653/ROOT' with physical root 'C:\home\site\wwwroot\' failed to load coreclr. Exception message:
CLR worker thread exited prematurely</Data><Data>Process Id: 2072.</Data><Data>File Version: 18.0.25301.22. Description: IIS ASP.NET Core Module V2 Request Handler. Commit: </Data></EventData></Event><Event><System><Provider Name="W3SVC-WP"/><EventID>2299</EventID><Level>1</Level><Task>0</Task><Keywords>Keywords</Keywords><TimeCreated SystemTime="2025-12-27T14:47:58Z"/><EventRecordID>52742796</EventRecordID><Channel>Application</Channel><Computer>dw1sdwk00001L</Computer><Security/></System><EventData><Data>Worker Process requested recycle due to 'Startup Failures' limit.
</Data></EventData></Event><Event><System><Provider Name="IIS AspNetCore Module V2"/><EventID>1032</EventID><Level>4</Level><Task>0</Task><Keywords>Keywords</Keywords><TimeCreated SystemTime="2025-12-27T14:52:44Z"/><EventRecordID>53029203</EventRecordID><Channel>Application</Channel><Computer>dw1sdwk00001L</Computer><Security/></System><EventData><Data>Application 'C:\home\site\wwwroot\' started successfully.</Data><Data>Process Id: 6560.</Data><Data>File Version: 18.0.25301.22. Description: IIS ASP.NET Core Module V2 Request Handler. Commit: </Data></EventData></Event><Event><System><Provider Name="IIS AspNetCore Module V2"/><EventID>1033</EventID><Level>4</Level><Task>0</Task><Keywords>Keywords</Keywords><TimeCreated SystemTime="2025-12-27T14:52:52Z"/><EventRecordID>53036765</EventRecordID><Channel>Application</Channel><Computer>dw1sdwk00001L</Computer><Security/></System><EventData><Data>Application 'MACHINE/WEBROOT/APPHOST/INVESTMENTPORTFOLIO-WCF' has shutdown.</Data><Data>Process Id: 6560.</Data><Data>File Version: 18.0.25301.22. Description: IIS ASP.NET Core Module V2 Request Handler. Commit: </Data></EventData></Event><Event><System><Provider Name="IIS AspNetCore Module V2"/><EventID>1032</EventID><Level>4</Level><Task>0</Task><Keywords>Keywords</Keywords><TimeCreated SystemTime="2025-12-27T14:53:27Z"/><EventRecordID>53071765</EventRecordID><Channel>Application</Channel><Computer>dw1sdwk00001L</Computer><Security/></System><EventData><Data>Application 'C:\home\site\wwwroot\' started successfully.</Data><Data>Process Id: 6584.</Data><Data>File Version: 18.0.25301.22. Description: IIS ASP.NET Core Module V2 Request Handler. Commit: </Data></EventData></Event><Event><System><Provider Name="IIS AspNetCore Module V2"/><EventID>1012</EventID><Level>4</Level><Task>0</Task><Keywords>Keywords</Keywords><TimeCreated SystemTime="2025-12-27T17:25:04Z"/><EventRecordID>62169390</EventRecordID><Channel>Application</Channel><Computer>dw1sdwk00001L</Computer><Security/></System><EventData><Data>Application 'C:\home\site\wwwroot\' was recycled after detecting app_offline.htm.</Data><Data>Process Id: 6584.</Data><Data>File Version: 18.0.25301.22. Description: IIS ASP.NET Core Module V2 Request Handler. Commit: </Data></EventData></Event><Event><System><Provider Name="IIS AspNetCore Module V2"/><EventID>1033</EventID><Level>4</Level><Task>0</Task><Keywords>Keywords</Keywords><TimeCreated SystemTime="2025-12-27T17:25:05Z"/><EventRecordID>62170343</EventRecordID><Channel>Application</Channel><Computer>dw1sdwk00001L</Computer><Security/></System><EventData><Data>Application 'MACHINE/WEBROOT/APPHOST/INVESTMENTPORTFOLIO-WCF' has shutdown.</Data><Data>Process Id: 6584.</Data><Data>File Version: 18.0.25301.22. Description: IIS ASP.NET Core Module V2 Request Handler. Commit: </Data></EventData></Event><Event><System><Provider Name="IIS AspNetCore Module V2"/><EventID>1032</EventID><Level>4</Level><Task>0</Task><Keywords>Keywords</Keywords><TimeCreated SystemTime="2025-12-27T17:25:54Z"/><EventRecordID>62218593</EventRecordID><Channel>Application</Channel><Computer>dw1sdwk00001L</Computer><Security/></System><EventData><Data>Application 'C:\home\site\wwwroot\' started successfully.</Data><Data>Process Id: 2584.</Data><Data>File Version: 18.0.25301.22. Description: IIS ASP.NET Core Module V2 Request Handler. Commit: </Data></EventData></Event><Event><System><Provider Name="IIS AspNetCore Module V2"/><EventID>1033</EventID><Level>4</Level><Task>0</Task><Keywords>Keywords</Keywords><TimeCreated SystemTime="2025-12-27T17:25:55Z"/><EventRecordID>62220015</EventRecordID><Channel>Application</Channel><Computer>dw1sdwk00001L</Computer><Security/></System><EventData><Data>Application 'MACHINE/WEBROOT/APPHOST/INVESTMENTPORTFOLIO-WCF' has shutdown.</Data><Data>Process Id: 2584.</Data><Data>File Version: 18.0.25301.22. Description: IIS ASP.NET Core Module V2 Request Handler. Commit: </Data></EventData></Event><Event><System><Provider Name="IIS AspNetCore Module V2"/><EventID>1032</EventID><Level>4</Level><Task>0</Task><Keywords>Keywords</Keywords><TimeCreated SystemTime="2025-12-27T17:39:27Z"/><EventRecordID>63032046</EventRecordID><Channel>Application</Channel><Computer>dw1sdwk00001L</Computer><Security/></System><EventData><Data>Application 'C:\home\site\wwwroot\' started successfully.</Data><Data>Process Id: 1552.</Data><Data>File Version: 18.0.25301.22. Description: IIS ASP.NET Core Module V2 Request Handler. Commit: </Data></EventData></Event><Event><System><Provider Name="IIS AspNetCore Module V2"/><EventID>1033</EventID><Level>4</Level><Task>0</Task><Keywords>Keywords</Keywords><TimeCreated SystemTime="2025-12-27T17:39:29Z"/><EventRecordID>63033578</EventRecordID><Channel>Application</Channel><Computer>dw1sdwk00001L</Computer><Security/></System><EventData><Data>Application 'MACHINE/WEBROOT/APPHOST/INVESTMENTPORTFOLIO-WCF' has shutdown.</Data><Data>Process Id: 1552.</Data><Data>File Version: 18.0.25301.22. Description: IIS ASP.NET Core Module V2 Request Handler. Commit: </Data></EventData></Event><Event><System><Provider Name="IIS AspNetCore Module V2"/><EventID>1032</EventID><Level>4</Level><Task>0</Task><Keywords>Keywords</Keywords><TimeCreated SystemTime="2025-12-27T17:40:10Z"/><EventRecordID>63075203</EventRecordID><Channel>Application</Channel><Computer>dw1sdwk00001L</Computer><Security/></System><EventData><Data>Application 'C:\home\site\wwwroot\' started successfully.</Data><Data>Process Id: 3756.</Data><Data>File Version: 18.0.25301.22. Description: IIS ASP.NET Core Module V2 Request Handler. Commit: </Data></EventData></Event><Event><System><Provider Name="IIS AspNetCore Module V2"/><EventID>1012</EventID><Level>4</Level><Task>0</Task><Keywords>Keywords</Keywords><TimeCreated SystemTime="2025-12-27T17:49:42Z"/><EventRecordID>63646734</EventRecordID><Channel>Application</Channel><Computer>dw1sdwk00001L</Computer><Security/></System><EventData><Data>Application 'C:\home\site\wwwroot\' was recycled after detecting app_offline.htm.</Data><Data>Process Id: 3756.</Data><Data>File Version: 18.0.25301.22. Description: IIS ASP.NET Core Module V2 Request Handler. Commit: </Data></EventData></Event><Event><System><Provider Name="IIS AspNetCore Module V2"/><EventID>1033</EventID><Level>4</Level><Task>0</Task><Keywords>Keywords</Keywords><TimeCreated SystemTime="2025-12-27T17:49:42Z"/><EventRecordID>63647406</EventRecordID><Channel>Application</Channel><Computer>dw1sdwk00001L</Computer><Security/></System><EventData><Data>Application 'MACHINE/WEBROOT/APPHOST/INVESTMENTPORTFOLIO-WCF' has shutdown.</Data><Data>Process Id: 3756.</Data><Data>File Version: 18.0.25301.22. Description: IIS ASP.NET Core Module V2 Request Handler. Commit: </Data></EventData></Event><Event><System><Provider Name="IIS AspNetCore Module V2"/><EventID>1032</EventID><Level>4</Level><Task>0</Task><Keywords>Keywords</Keywords><TimeCreated SystemTime="2025-12-27T17:50:46Z"/><EventRecordID>63710671</EventRecordID><Channel>Application</Channel><Computer>dw1sdwk00001L</Computer><Security/></System><EventData><Data>Application 'C:\home\site\wwwroot\' started successfully.</Data><Data>Process Id: 7944.</Data><Data>File Version: 18.0.25301.22. Description: IIS ASP.NET Core Module V2 Request Handler. Commit: </Data></EventData></Event><Event><System><Provider Name="IIS AspNetCore Module V2"/><EventID>1033</EventID><Level>4</Level><Task>0</Task><Keywords>Keywords</Keywords><TimeCreated SystemTime="2025-12-27T17:53:25Z"/><EventRecordID>63870421</EventRecordID><Channel>Application</Channel><Computer>dw1sdwk00001L</Computer><Security/></System><EventData><Data>Application 'MACHINE/WEBROOT/APPHOST/INVESTMENTPORTFOLIO-WCF' has shutdown.</Data><Data>Process Id: 7944.</Data><Data>File Version: 18.0.25301.22. Description: IIS ASP.NET Core Module V2 Request Handler. Commit: </Data></EventData></Event><Event><System><Provider Name="IIS AspNetCore Module V2"/><EventID>1032</EventID><Level>4</Level><Task>0</Task><Keywords>Keywords</Keywords><TimeCreated SystemTime="2025-12-27T17:53:47Z"/><EventRecordID>63891890</EventRecordID><Channel>Application</Channel><Computer>dw1sdwk00001L</Computer><Security/></System><EventData><Data>Application 'C:\home\site\wwwroot\' started successfully.</Data><Data>Process Id: 2964.</Data><Data>File Version: 18.0.25301.22. Description: IIS ASP.NET Core Module V2 Request Handler. Commit: </Data></EventData></Event><Event><System><Provider Name="IIS AspNetCore Module V2"/><EventID>1033</EventID><Level>4</Level><Task>0</Task><Keywords>Keywords</Keywords><TimeCreated SystemTime="2025-12-27T17:57:26Z"/><EventRecordID>64110578</EventRecordID><Channel>Application</Channel><Computer>dw1sdwk00001L</Computer><Security/></System><EventData><Data>Application 'MACHINE/WEBROOT/APPHOST/INVESTMENTPORTFOLIO-WCF' has shutdown.</Data><Data>Process Id: 2964.</Data><Data>File Version: 18.0.25301.22. Description: IIS ASP.NET Core Module V2 Request Handler. Commit: </Data></EventData></Event><Event><System><Provider Name="IIS AspNetCore Module V2"/><EventID>1032</EventID><Level>4</Level><Task>0</Task><Keywords>Keywords</Keywords><TimeCreated SystemTime="2025-12-27T17:58:01Z"/><EventRecordID>64145890</EventRecordID><Channel>Application</Channel><Computer>dw1sdwk00001L</Computer><Security/></System><EventData><Data>Application 'C:\home\site\wwwroot\' started successfully.</Data><Data>Process Id: 1600.</Data><Data>File Version: 18.0.25301.22. Description: IIS ASP.NET Core Module V2 Request Handler. Commit: </Data></EventData></Event><Event><System><Provider Name="IIS AspNetCore Module V2"/><EventID>1033</EventID><Level>4</Level><Task>0</Task><Keywords>Keywords</Keywords><TimeCreated SystemTime="2025-12-27T20:47:05Z"/><EventRecordID>74290203</EventRecordID><Channel>Application</Channel><Computer>dw1sdwk00001L</Computer><Security/></System><EventData><Data>Application 'MACHINE/WEBROOT/APPHOST/INVESTMENTPORTFOLIO-WCF' has shutdown.</Data><Data>Process Id: 1600.</Data><Data>File Version: 18.0.25301.22. Description: IIS ASP.NET Core Module V2 Request Handler. Commit: </Data></EventData></Event><Event><System><Provider Name="IIS AspNetCore Module V2"/><EventID>1032</EventID><Level>4</Level><Task>0</Task><Keywords>Keywords</Keywords><TimeCreated SystemTime="2025-12-27T20:48:14Z"/><EventRecordID>74359156</EventRecordID><Channel>Application</Channel><Computer>dw1sdwk00001L</Computer><Security/></System><EventData><Data>Application 'C:\home\site\wwwroot\' started successfully.</Data><Data>Process Id: 4708.</Data><Data>File Version: 18.0.25301.22. Description: IIS ASP.NET Core Module V2 Request Handler. Commit: </Data></EventData></Event><Event><System><Provider Name="IIS AspNetCore Module V2"/><EventID>1033</EventID><Level>4</Level><Task>0</Task><Keywords>Keywords</Keywords><TimeCreated SystemTime="2025-12-27T20:49:29Z"/><EventRecordID>74434031</EventRecordID><Channel>Application</Channel><Computer>dw1sdwk00001L</Computer><Security/></System><EventData><Data>Application 'MACHINE/WEBROOT/APPHOST/INVESTMENTPORTFOLIO-WCF' has shutdown.</Data><Data>Process Id: 4708.</Data><Data>File Version: 18.0.25301.22. Description: IIS ASP.NET Core Module V2 Request Handler. Commit: </Data></EventData></Event><Event><System><Provider Name="IIS AspNetCore Module V2"/><EventID>1032</EventID><Level>4</Level><Task>0</Task><Keywords>Keywords</Keywords><TimeCreated SystemTime="2025-12-27T20:49:54Z"/><EventRecordID>74458718</EventRecordID><Channel>Application</Channel><Computer>dw1sdwk00001L</Computer><Security/></System><EventData><Data>Application 'C:\home\site\wwwroot\' started successfully.</Data><Data>Process Id: 2176.</Data><Data>File Version: 18.0.25301.22. Description: IIS ASP.NET Core Module V2 Request Handler. Commit: </Data></EventData></Event></Events>