﻿<?xml version="1.0" encoding="utf-8"?>
<deployment>
  <id>1d671726903f486daef10a935abae531</id>
  <author>N/A</author>
  <deployer>OneDeploy</deployer>
  <authorEmail>N/A</authorEmail>
  <message>OneDeploy</message>
  <progress></progress>
  <status>Success</status>
  <statusText></statusText>
  <lastSuccessEndTime>2025-12-27T13:40:02.9489162Z</lastSuccessEndTime>
  <receivedTime>2025-12-27T13:39:51.714003Z</receivedTime>
  <startTime>2025-12-27T13:39:51.9796301Z</startTime>
  <endTime>2025-12-27T13:40:02.9489162Z</endTime>
  <complete>True</complete>
  <is_temp>False</is_temp>
  <is_readonly>True</is_readonly>
  <project_type>OneDeploy</project_type>
  <vsproject_id></vsproject_id>
</deployment>