﻿<?xml version="1.0" encoding="utf-8"?>
<deployment>
  <id>0fa2dedec39843629abbd9cba23c75af</id>
  <author>N/A</author>
  <deployer>OneDeploy</deployer>
  <authorEmail>N/A</authorEmail>
  <message>OneDeploy</message>
  <progress></progress>
  <status>Success</status>
  <statusText></statusText>
  <lastSuccessEndTime>2025-12-27T17:49:50.5143397Z</lastSuccessEndTime>
  <receivedTime>2025-12-27T17:49:39.654836Z</receivedTime>
  <startTime>2025-12-27T17:49:39.9360897Z</startTime>
  <endTime>2025-12-27T17:49:50.5143397Z</endTime>
  <complete>True</complete>
  <is_temp>False</is_temp>
  <is_readonly>True</is_readonly>
  <project_type>OneDeploy</project_type>
  <vsproject_id></vsproject_id>
</deployment>