﻿<?xml version="1.0" encoding="utf-8"?>
<deployment>
  <id>39a992de19f74f55849041e9e95077d7</id>
  <author>N/A</author>
  <deployer>OneDeploy</deployer>
  <authorEmail>N/A</authorEmail>
  <message>OneDeploy</message>
  <progress></progress>
  <status>Success</status>
  <statusText></statusText>
  <lastSuccessEndTime>2025-12-27T14:09:28.3929318Z</lastSuccessEndTime>
  <receivedTime>2025-12-27T14:09:17.5491137Z</receivedTime>
  <startTime>2025-12-27T14:09:17.8459924Z</startTime>
  <endTime>2025-12-27T14:09:28.3929318Z</endTime>
  <complete>True</complete>
  <is_temp>False</is_temp>
  <is_readonly>True</is_readonly>
  <project_type>OneDeploy</project_type>
  <vsproject_id></vsproject_id>
</deployment>