{"TimeStamp":"2025-12-27T17:49:50Z","SiteName":"investmentportfolio-wcf","RequestId":"5b2622f4-e34c-11f0-b1f2-4c445b6a7846","Kind":"OneDeploy","Status":"Success","Details":"{\"Id\":\"0fa2dedec39843629abbd9cba23c75af\",\"Status\":4,\"StatusText\":\"\",\"AuthorEmail\":\"N/A\",\"Author\":\"N/A\",\"Message\":\"OneDeploy\",\"Progress\":\"\",\"Deployer\":\"OneDeploy\",\"ReceivedTime\":\"2025-12-27T17:49:39.654836Z\",\"StartTime\":\"2025-12-27T17:49:39.9360897Z\",\"EndTime\":\"2025-12-27T17:49:50.5143397Z\",\"LastSuccessEndTime\":\"2025-12-27T17:49:50.5143397Z\",\"Complete\":true,\"IsTemporary\":false,\"IsReadOnly\":true,\"SiteName\":\"investmentportfolio-wcf\",\"HostName\":\"investmentportfolio-wcf.scm.azurewebsites.net\",\"ProjectType\":\"OneDeploy\",\"VsProjectId\":null}"}