<step title="Incoming Request" date="2025-12-27T17:49:33.139" instance="d1e1e3" url="/api/publish?type=zip&amp;clean=True" method="POST" type="request" pid="2688,2,7" Cache-Control="no-cache" Connection="Keep-Alive" Content-Length="10695598" Content-Type="application/octet-stream" Accept="*/*" Accept-Encoding="gzip, deflate" Authorization="Bea..." Host="investmentportfolio-wcf.scm.azurewebsites.net" User-Agent="AZURECLI/2.80.0 (MSI)" x-ms-client-request-id="5b2622f4-e34c-11f0-b1f2-4c445b6a7846" X-ARR-LOG-ID="5b2622f4-e34c-11f0-b1f2-4c445b6a7846" CLIENT-IP="176.79.166.60:62168" X-SITE-DEPLOYMENT-ID="investmentportfolio-wcf" WAS-DEFAULT-HOSTNAME="investmentportfolio-wcf.scm.azurewebsites.net" X-Forwarded-Proto="https" X-AppService-Proto="https" X-Forwarded-TlsVersion="1.3" X-WAWS-Unencoded-URL="/api/publish?type=zip&amp;clean=True" X-MS-COLDSTART="1" >
  <step title="OneDeploy" date="2025-12-27T17:49:35.607" >
    <step title="Starting PushDeployAsync" date="2025-12-27T17:49:35.735" /><!-- duration: 20ms -->
    <step title="Updating shutdown sentinel last write time" date="2025-12-27T17:49:35.998" SemaphoreCount="7" /><!-- duration: 18ms -->
    <step title="LockFile &apos;C:\home\site\locks\deployments.lock&apos; acquired" date="2025-12-27T17:49:36.016" /><!-- duration: 0ms -->
    <step title="Saving request content to C:\local\Temp\zipdeploy\qeoqzpvi.zip" date="2025-12-27T17:49:36.029" >
      <step title="Total 10,695,598 bytes written to C:\local\Temp\zipdeploy\qeoqzpvi.zip" date="2025-12-27T17:49:36.686" /><!-- duration: 19ms -->
    </step><!-- duration: 675ms -->
    <step title="LockFile &apos;C:\home\site\locks\deployments.lock&apos; released" date="2025-12-27T17:49:36.717" /><!-- duration: 17ms -->
    <step title="Deleting shutdown sentinel file" date="2025-12-27T17:49:36.734" SemaphoreCount="8" /><!-- duration: 14ms -->
    <step title="Starting FetchDeploy" date="2025-12-27T17:49:36.748" /><!-- duration: 16ms -->
    <step title="Attempting to fetch target branch HEAD" date="2025-12-27T17:49:36.764" /><!-- duration: 0ms -->
    <step title="Updating shutdown sentinel last write time" date="2025-12-27T17:49:36.826" SemaphoreCount="7" /><!-- duration: 16ms -->
    <step title="LockFile &apos;C:\home\site\locks\deployments.lock&apos; acquired" date="2025-12-27T17:49:36.842" /><!-- duration: 0ms -->
    <step title="Performing fetch based deployment" date="2025-12-27T17:49:36.857" >
      <step title="Creating temporary deployment" date="2025-12-27T17:49:36.873" /><!-- duration: 156ms -->
      <step title="Fetching changes." date="2025-12-27T17:49:37.248" /><!-- duration: 0ms -->
      <step title="Starting LocalZipHandler" date="2025-12-27T17:49:37.279" /><!-- duration: 0ms -->
      <step title="Starting LocalZipFetch" date="2025-12-27T17:49:37.317" /><!-- duration: 10ms -->
      <step title="Cleaning up temp folders from previous zip deployments and extracting pushed zip file C:\local\Temp\zipdeploy\qeoqzpvi.zip (10.20 MB) to C:\local\Temp\zipdeploy\extracted" date="2025-12-27T17:49:37.342" /><!-- duration: 0ms -->
      <step title="Cleaning up temp folders from previous zip deployments and extracting pushed zip file C:\local\Temp\zipdeploy\qeoqzpvi.zip (10.20 MB) to C:\local\Temp\zipdeploy\extracted" date="2025-12-27T17:49:37.342" >
        <step title="Extracting 140 entries to C:\local\Temp\zipdeploy\extracted directory" date="2025-12-27T17:49:37.406" >
          <step title="Extracting to C:\local\Temp\zipdeploy\extracted\cs\Microsoft.Data.SqlClient.resources.dll ..." date="2025-12-27T17:49:37.420" /><!-- duration: 47ms -->
          <step title="Extracting to C:\local\Temp\zipdeploy\extracted\cs\System.ServiceModel.Primitives.resources.dll ..." date="2025-12-27T17:49:37.484" /><!-- duration: 14ms -->
          <step title="Extracting to C:\local\Temp\zipdeploy\extracted\cs\System.Web.Services.Description.resources.dll ..." date="2025-12-27T17:49:37.498" /><!-- duration: 16ms -->
          <step title="Extracting to C:\local\Temp\zipdeploy\extracted\de\Microsoft.Data.SqlClient.resources.dll ..." date="2025-12-27T17:49:37.534" /><!-- duration: 30ms -->
          <step title="Extracting to C:\local\Temp\zipdeploy\extracted\de\System.ServiceModel.Primitives.resources.dll ..." date="2025-12-27T17:49:37.563" /><!-- duration: 33ms -->
          <step title="Omitting extracting file traces ..." date="2025-12-27T17:49:37.596" /><!-- duration: 0ms -->
        </step><!-- duration: 2078ms -->
      </step><!-- duration: 2172ms -->
      <step title="None repository commit" date="2025-12-27T17:49:39.533" >
        <step title="Commit id: 0fa2dedec39843629abbd9cba23c75af" date="2025-12-27T17:49:39.533" Message="OneDeploy" AuthorName="N/A" AuthorEmail="N/A" /><!-- duration: 12ms -->
      </step><!-- duration: 30ms -->
      <step title="Before sending BuildRequestReceived status to /api/updatedeploystatus" date="2025-12-27T17:49:39.563" /><!-- duration: 13ms -->
      <step title="DeploymentManager.Deploy(id:0fa2dedec39843629abbd9cba23c75af)" date="2025-12-27T17:49:39.612" >
        <step title="Collecting changeset information" date="2025-12-27T17:49:39.623" /><!-- duration: 47ms -->
        <step title="Updating submodules" date="2025-12-27T17:49:39.702" >
          <step title="Updating submodules." date="2025-12-27T17:49:39.779" /><!-- duration: 16ms -->
        </step><!-- duration: 93ms -->
        <step title="Preparing deployment for commit id &apos;0fa2dedec3&apos;." date="2025-12-27T17:49:39.889" /><!-- duration: 0ms -->
        <step title="Determining deployment builder" date="2025-12-27T17:49:39.982" >
          <step title="Builder is OneDeployBuilder" date="2025-12-27T17:49:39.982" /><!-- duration: 21ms -->
        </step><!-- duration: 31ms -->
        <step title="Copying SSH keys" date="2025-12-27T17:49:40.045" /><!-- duration: 16ms -->
        <step title="Building" date="2025-12-27T17:49:40.061" >
          <step title="Running build. Project type: OneDeploy" date="2025-12-27T17:49:40.123" /><!-- duration: 0ms -->
          <step title="Copying the manifest" date="2025-12-27T17:49:40.186" /><!-- duration: 0ms -->
          <step title="Clean deploying to C:\home\site\wwwroot" date="2025-12-27T17:49:40.298" /><!-- duration: 0ms -->
          <step title="Generating deployment script." date="2025-12-27T17:49:40.376" /><!-- duration: 0ms -->
          <step title="Generating deployment script" date="2025-12-27T17:49:40.389" >
            <step title="Using cached version of the deployment script for command: -y --no-dot-deployment -r &quot;C:\local\Temp\zipdeploy\extracted&quot; -o &quot;C:\home\site\deployments\tools&quot; --basic --sitePath &quot;C:\local\Temp\zipdeploy\extracted&quot;" date="2025-12-27T17:49:40.592" /><!-- duration: 20ms -->
            <step title="Using cached version of deployment script (command: &apos;azure -y --no-dot-deployment -r &quot;C:\local\Temp\zipdeploy\extracted&quot; -o &quot;C:\home\site\deployments\tools&quot; --basic --sitePath &quot;C:\local\Temp\zipdeploy\extracted&quot;&apos;)." date="2025-12-27T17:49:40.639" /><!-- duration: 0ms -->
          </step><!-- duration: 266ms -->
          <step title="Running deployment command..." date="2025-12-27T17:49:40.703" /><!-- duration: 14ms -->
          <step title="Command: &quot;C:\home\site\deployments\tools\deploy.cmd&quot;" date="2025-12-27T17:49:40.732" /><!-- duration: 0ms -->
          <step title="Executing external process" date="2025-12-27T17:49:40.764" type="process" path="starter.cmd" arguments="&quot;C:\home\site\deployments\tools\deploy.cmd&quot;" >
            <step title="Handling Basic Web Site deployment." date="2025-12-27T17:49:43.422" /><!-- duration: 0ms -->
            <step title="Creating app_offline.htm" date="2025-12-27T17:49:43.436" /><!-- duration: 0ms -->
            <step title="KuduSync.NET from: &apos;C:\local\Temp\zipdeploy\extracted&apos; to: &apos;C:\home\site\wwwroot&apos;" date="2025-12-27T17:49:43.473" /><!-- duration: 10ms -->
            <step title="Deleting file: &apos;Microsoft.AspNetCore.OpenApi.dll&apos;" date="2025-12-27T17:49:43.532" /><!-- duration: 0ms -->
            <step title="Deleting file: &apos;Microsoft.EntityFrameworkCore.Abstractions.dll&apos;" date="2025-12-27T17:49:43.562" /><!-- duration: 20ms -->
            <step title="Deleting file: &apos;Microsoft.EntityFrameworkCore.dll&apos;" date="2025-12-27T17:49:43.611" /><!-- duration: 12ms -->
            <step title="Deleting file: &apos;Microsoft.EntityFrameworkCore.Relational.dll&apos;" date="2025-12-27T17:49:43.654" /><!-- duration: 16ms -->
            <step title="Deleting file: &apos;Microsoft.EntityFrameworkCore.SqlServer.dll&apos;" date="2025-12-27T17:49:43.701" /><!-- duration: 0ms -->
            <step title="Copying file: &apos;CoreWCF.ConfigurationManager.dll&apos;" date="2025-12-27T17:49:43.749" /><!-- duration: 0ms -->
            <step title="Copying file: &apos;CoreWCF.machine.config&apos;" date="2025-12-27T17:49:43.779" /><!-- duration: 19ms -->
            <step title="Copying file: &apos;CoreWCF.NetFramingBase.dll&apos;" date="2025-12-27T17:49:43.829" /><!-- duration: 0ms -->
            <step title="Copying file: &apos;CoreWCF.NetTcp.dll&apos;" date="2025-12-27T17:49:43.968" /><!-- duration: 79ms -->
            <step title="Copying file: &apos;CoreWCF.WebHttp.dll&apos;" date="2025-12-27T17:49:44.223" /><!-- duration: 10ms -->
            <step title="Copying file: &apos;InvestmentPortfolio.Wcf.deps.json&apos;" date="2025-12-27T17:49:44.252" /><!-- duration: 12ms -->
            <step title="Copying file: &apos;InvestmentPortfolio.Wcf.dll&apos;" date="2025-12-27T17:49:44.301" /><!-- duration: 10ms -->
            <step title="Copying file: &apos;InvestmentPortfolio.Wcf.exe&apos;" date="2025-12-27T17:49:44.360" /><!-- duration: 0ms -->
            <step title="Copying file: &apos;InvestmentPortfolio.Wcf.pdb&apos;" date="2025-12-27T17:49:44.389" /><!-- duration: 18ms -->
            <step title="Copying file: &apos;InvestmentPortfolio.Wcf.runtimeconfig.json&apos;" date="2025-12-27T17:49:44.420" /><!-- duration: 16ms -->
            <step title="Copying file: &apos;InvestmentPortfolio.Wcf.staticwebassets.endpoints.json&apos;" date="2025-12-27T17:49:44.452" /><!-- duration: 0ms -->
            <step title="Copying file: &apos;Microsoft.AspNetCore.Server.Kestrel.Https.dll&apos;" date="2025-12-27T17:49:44.470" /><!-- duration: 13ms -->
            <step title="Copying file: &apos;Microsoft.AspNetCore.Server.Kestrel.Transport.Abstractions.dll&apos;" date="2025-12-27T17:49:44.483" /><!-- duration: 16ms -->
            <step title="Copying file: &apos;Microsoft.Extensions.Configuration.FileExtensions.dll&apos;" date="2025-12-27T17:49:44.517" /><!-- duration: 0ms -->
            <step title="Copying file: &apos;Microsoft.OpenApi.dll&apos;" date="2025-12-27T17:49:44.547" /><!-- duration: 20ms -->
            <step title="Copying file: &apos;Swashbuckle.AspNetCore.Swagger.dll&apos;" date="2025-12-27T17:49:44.596" /><!-- duration: 12ms -->
            <step title="Deleting app_offline.htm" date="2025-12-27T17:49:44.625" /><!-- duration: 0ms -->
            <step title="Finished successfully." date="2025-12-27T17:49:44.654" /><!-- duration: 0ms -->
          </step><!-- duration: 3906ms -->
          <step title="Build completed succesfully." date="2025-12-27T17:49:44.875" /><!-- duration: 0ms -->
          <step title="Running post deployment command(s)..." date="2025-12-27T17:49:45.032" /><!-- duration: 13ms -->
          <step title="Requesting site restart" date="2025-12-27T17:49:46.578" /><!-- duration: 14ms -->
          <step title="Requesting site restart" date="2025-12-27T17:49:46.608" /><!-- duration: 0ms -->
          <step title="Requesting site restart. Attempt #1" date="2025-12-27T17:49:46.686" /><!-- duration: 18ms -->
          <step title="Requesting site restart. Attempt #1" date="2025-12-27T17:49:46.733" /><!-- duration: 0ms -->
          <step title="Successfully requested a restart. Attempt #1" date="2025-12-27T17:49:50.326" /><!-- duration: 0ms -->
          <step title="Successfully requested a restart. Attempt #1" date="2025-12-27T17:49:50.342" /><!-- duration: 0ms -->
          <step title="Deployment successful. DEPLOYMENTINFO: deploymentPath = OneDeploy, deployer = OneDeploy, os = windows, sku = Basic, siteName = investmentportfolio-wcf, siteHostName = investmentportfolio-wcf.azurewebsites.net, deploymentStatus = Success" date="2025-12-27T17:49:50.453" /><!-- duration: 14ms -->
          <step title="Purge deployment items" date="2025-12-27T17:49:50.829" >
            <step title="Remove ad2417ba2, Success, received at 12/27/2025 12:50:37 PM" date="2025-12-27T17:49:50.904" /><!-- duration: 32ms -->
          </step><!-- duration: 108ms -->
        </step><!-- duration: 10906ms -->
      </step><!-- duration: 11370ms -->
      <step title="Cleaning up temp files" date="2025-12-27T17:49:50.998" /><!-- duration: 17ms -->
      <step title="Skip function trigger and logicapp sync because function is not enabled." date="2025-12-27T17:49:51.066" /><!-- duration: 11ms -->
    </step><!-- duration: 14328ms -->
    <step title="LockFile &apos;C:\home\site\locks\deployments.lock&apos; released" date="2025-12-27T17:49:51.186" /><!-- duration: 0ms -->
    <step title="Deleting shutdown sentinel file" date="2025-12-27T17:49:51.220" SemaphoreCount="8" /><!-- duration: 12ms -->
  </step><!-- duration: 15642ms -->
  <step title="Outgoing response" date="2025-12-27T17:49:51.407" type="response" statusCode="200" statusText="OK" Server="Microsoft-IIS/10.0" x-ms-request-id="5b2622f4-e34c-11f0-b1f2-4c445b6a7846" Cache-Control="private" X-AspNet-Version="4.0.30319" /><!-- duration: 20ms -->
</step><!-- duration: 18288ms -->
