<step title="Incoming Request" date="2025-12-27T13:29:52.078" instance="d1e1e3" url="/api/zipdeploy?isAsync=true" method="POST" type="request" pid="2524,2,7" Cache-Control="no-cache" Connection="Keep-Alive" Content-Length="11442459" Content-Type="application/octet-stream" Accept="*/*" Accept-Encoding="gzip, deflate" Authorization="Bea..." Host="investmentportfolio-wcf.scm.azurewebsites.net" User-Agent="AZURECLI/2.80.0 (MSI)" x-ms-client-request-id="12bf5114-e328-11f0-8e0c-4c445b6a7846" X-ARR-LOG-ID="12bf5114-e328-11f0-8e0c-4c445b6a7846" CLIENT-IP="176.79.166.60:57186" X-SITE-DEPLOYMENT-ID="investmentportfolio-wcf" WAS-DEFAULT-HOSTNAME="investmentportfolio-wcf.scm.azurewebsites.net" X-Forwarded-Proto="https" X-AppService-Proto="https" X-Forwarded-TlsVersion="1.3" X-WAWS-Unencoded-URL="/api/zipdeploy?isAsync=true" X-MS-COLDSTART="1" >
  <step title="ZipPushDeploy" date="2025-12-27T13:29:54.709" >
    <step title="ZipDeploy. Extract zip. " date="2025-12-27T13:29:54.797" /><!-- duration: 0ms -->
    <step title="Starting PushDeployAsync" date="2025-12-27T13:29:54.817" /><!-- duration: 12ms -->
    <step title="Updating shutdown sentinel last write time" date="2025-12-27T13:29:55.003" SemaphoreCount="7" /><!-- duration: 13ms -->
    <step title="LockFile &apos;C:\home\site\locks\deployments.lock&apos; acquired" date="2025-12-27T13:29:55.016" /><!-- duration: 16ms -->
    <step title="Saving request content to C:\local\Temp\zipdeploy\f3yfcwlp.zip" date="2025-12-27T13:29:55.031" >
      <step title="Total 11,442,459 bytes written to C:\local\Temp\zipdeploy\f3yfcwlp.zip" date="2025-12-27T13:29:55.721" /><!-- duration: 13ms -->
    </step><!-- duration: 703ms -->
    <step title="LockFile &apos;C:\home\site\locks\deployments.lock&apos; released" date="2025-12-27T13:29:55.770" /><!-- duration: 12ms -->
    <step title="Deleting shutdown sentinel file" date="2025-12-27T13:29:55.781" SemaphoreCount="8" /><!-- duration: 18ms -->
    <step title="Starting FetchDeploy" date="2025-12-27T13:29:55.799" /><!-- duration: 14ms -->
    <step title="Start deployment in the background" date="2025-12-27T13:29:55.813" >
      <step title="Starting LocalZipFetch" date="2025-12-27T13:29:56.308" /><!-- duration: 0ms -->
    </step><!-- duration: 558ms -->
  </step><!-- duration: 1662ms -->
  <step title="Outgoing response" date="2025-12-27T13:29:59.949" type="response" statusCode="202" statusText="Accepted" Server="Microsoft-IIS/10.0" x-ms-request-id="12bf5114-e328-11f0-8e0c-4c445b6a7846" Retry-After="30" Cache-Control="private" X-AspNet-Version="4.0.30319" Location="https://investmentportfolio-wcf.scm.azurewebsites.net/api/deployments/latest?deployer=ZipDeploy&amp;time=2025-12-27_13-29-56Z" /><!-- duration: 0ms -->
</step><!-- duration: 7888ms -->
