<step title="Incoming Request" date="2025-12-27T13:39:45.242" instance="d1e1e3" url="/api/publish?type=zip" method="POST" type="request" pid="6888,2,8" Cache-Control="no-cache" Connection="Keep-Alive" Content-Length="11464111" Content-Type="application/octet-stream" Accept="*/*" Accept-Encoding="gzip, deflate" Authorization="Bea..." Host="investmentportfolio-wcf.scm.azurewebsites.net" User-Agent="AZURECLI/2.80.0 (MSI)" x-ms-client-request-id="75ed54f4-e329-11f0-acb6-4c445b6a7846" X-ARR-LOG-ID="75ed54f4-e329-11f0-acb6-4c445b6a7846" CLIENT-IP="176.79.166.60:55008" X-SITE-DEPLOYMENT-ID="investmentportfolio-wcf" WAS-DEFAULT-HOSTNAME="investmentportfolio-wcf.scm.azurewebsites.net" X-Forwarded-Proto="https" X-AppService-Proto="https" X-Forwarded-TlsVersion="1.3" X-WAWS-Unencoded-URL="/api/publish?type=zip" X-MS-COLDSTART="1" >
  <step title="OneDeploy" date="2025-12-27T13:39:47.710" >
    <step title="Starting PushDeployAsync" date="2025-12-27T13:39:47.808" /><!-- duration: 12ms -->
    <step title="Updating shutdown sentinel last write time" date="2025-12-27T13:39:48.024" SemaphoreCount="7" /><!-- duration: 49ms -->
    <step title="LockFile &apos;C:\home\site\locks\deployments.lock&apos; acquired" date="2025-12-27T13:39:48.085" /><!-- duration: 17ms -->
    <step title="Saving request content to C:\local\Temp\zipdeploy\pyjiqa0x.zip" date="2025-12-27T13:39:48.121" >
      <step title="Total 11,464,111 bytes written to C:\local\Temp\zipdeploy\pyjiqa0x.zip" date="2025-12-27T13:39:48.777" /><!-- duration: 12ms -->
    </step><!-- duration: 667ms -->
    <step title="LockFile &apos;C:\home\site\locks\deployments.lock&apos; released" date="2025-12-27T13:39:48.806" /><!-- duration: 0ms -->
    <step title="Deleting shutdown sentinel file" date="2025-12-27T13:39:48.806" SemaphoreCount="8" /><!-- duration: 13ms -->
    <step title="Starting FetchDeploy" date="2025-12-27T13:39:48.820" /><!-- duration: 0ms -->
    <step title="Attempting to fetch target branch HEAD" date="2025-12-27T13:39:48.836" /><!-- duration: 0ms -->
    <step title="Updating shutdown sentinel last write time" date="2025-12-27T13:39:48.851" SemaphoreCount="7" /><!-- duration: 0ms -->
    <step title="LockFile &apos;C:\home\site\locks\deployments.lock&apos; acquired" date="2025-12-27T13:39:48.851" /><!-- duration: 16ms -->
    <step title="Performing fetch based deployment" date="2025-12-27T13:39:48.898" >
      <step title="Creating temporary deployment" date="2025-12-27T13:39:48.898" /><!-- duration: 191ms -->
      <step title="Fetching changes." date="2025-12-27T13:39:49.280" /><!-- duration: 11ms -->
      <step title="Starting LocalZipHandler" date="2025-12-27T13:39:49.307" /><!-- duration: 0ms -->
      <step title="Starting LocalZipFetch" date="2025-12-27T13:39:49.307" /><!-- duration: 16ms -->
      <step title="Cleaning up temp folders from previous zip deployments and extracting pushed zip file C:\local\Temp\zipdeploy\pyjiqa0x.zip (10.93 MB) to C:\local\Temp\zipdeploy\extracted" date="2025-12-27T13:39:49.323" /><!-- duration: 17ms -->
      <step title="Cleaning up temp folders from previous zip deployments and extracting pushed zip file C:\local\Temp\zipdeploy\pyjiqa0x.zip (10.93 MB) to C:\local\Temp\zipdeploy\extracted" date="2025-12-27T13:39:49.340" >
        <step title="Extracting 148 entries to C:\local\Temp\zipdeploy\extracted directory" date="2025-12-27T13:39:49.389" >
          <step title="Extracting to C:\local\Temp\zipdeploy\extracted\cs\Microsoft.Data.SqlClient.resources.dll ..." date="2025-12-27T13:39:49.417" /><!-- duration: 47ms -->
          <step title="Extracting to C:\local\Temp\zipdeploy\extracted\cs\System.ServiceModel.Primitives.resources.dll ..." date="2025-12-27T13:39:49.481" /><!-- duration: 0ms -->
          <step title="Extracting to C:\local\Temp\zipdeploy\extracted\cs\System.Web.Services.Description.resources.dll ..." date="2025-12-27T13:39:49.495" /><!-- duration: 16ms -->
          <step title="Extracting to C:\local\Temp\zipdeploy\extracted\de\Microsoft.Data.SqlClient.resources.dll ..." date="2025-12-27T13:39:49.510" /><!-- duration: 16ms -->
          <step title="Extracting to C:\local\Temp\zipdeploy\extracted\de\System.ServiceModel.Primitives.resources.dll ..." date="2025-12-27T13:39:49.526" /><!-- duration: 16ms -->
          <step title="Omitting extracting file traces ..." date="2025-12-27T13:39:49.557" /><!-- duration: 0ms -->
        </step><!-- duration: 2201ms -->
      </step><!-- duration: 2280ms -->
      <step title="None repository commit" date="2025-12-27T13:39:51.639" >
        <step title="Commit id: 1d671726903f486daef10a935abae531" date="2025-12-27T13:39:51.651" Message="OneDeploy" AuthorName="N/A" AuthorEmail="N/A" /><!-- duration: 0ms -->
      </step><!-- duration: 27ms -->
      <step title="Before sending BuildRequestReceived status to /api/updatedeploystatus" date="2025-12-27T13:39:51.667" /><!-- duration: 0ms -->
      <step title="DeploymentManager.Deploy(id:1d671726903f486daef10a935abae531)" date="2025-12-27T13:39:51.682" >
        <step title="Collecting changeset information" date="2025-12-27T13:39:51.698" /><!-- duration: 47ms -->
        <step title="Updating submodules" date="2025-12-27T13:39:51.745" >
          <step title="Updating submodules." date="2025-12-27T13:39:51.823" /><!-- duration: 0ms -->
        </step><!-- duration: 95ms -->
        <step title="Preparing deployment for commit id &apos;1d67172690&apos;." date="2025-12-27T13:39:51.948" /><!-- duration: 0ms -->
        <step title="Determining deployment builder" date="2025-12-27T13:39:52.013" >
          <step title="Builder is OneDeployBuilder" date="2025-12-27T13:39:52.026" /><!-- duration: 16ms -->
        </step><!-- duration: 44ms -->
        <step title="Copying SSH keys" date="2025-12-27T13:39:52.104" /><!-- duration: 47ms -->
        <step title="Building" date="2025-12-27T13:39:52.151" >
          <step title="Running build. Project type: OneDeploy" date="2025-12-27T13:39:52.229" /><!-- duration: 0ms -->
          <step title="Copying the manifest" date="2025-12-27T13:39:52.295" /><!-- duration: 0ms -->
          <step title="Clean deploying to C:\home\site\wwwroot" date="2025-12-27T13:39:52.385" /><!-- duration: 16ms -->
          <step title="Generating deployment script." date="2025-12-27T13:39:52.498" /><!-- duration: 0ms -->
          <step title="Generating deployment script" date="2025-12-27T13:39:52.510" >
            <step title="Using cached version of the deployment script for command: -y --no-dot-deployment -r &quot;C:\local\Temp\zipdeploy\extracted&quot; -o &quot;C:\home\site\deployments\tools&quot; --basic --sitePath &quot;C:\local\Temp\zipdeploy\extracted&quot;" date="2025-12-27T13:39:52.683" /><!-- duration: 20ms -->
            <step title="Using cached version of deployment script (command: &apos;azure -y --no-dot-deployment -r &quot;C:\local\Temp\zipdeploy\extracted&quot; -o &quot;C:\home\site\deployments\tools&quot; --basic --sitePath &quot;C:\local\Temp\zipdeploy\extracted&quot;&apos;)." date="2025-12-27T13:39:52.714" /><!-- duration: 16ms -->
          </step><!-- duration: 234ms -->
          <step title="Running deployment command..." date="2025-12-27T13:39:52.839" /><!-- duration: 0ms -->
          <step title="Command: &quot;C:\home\site\deployments\tools\deploy.cmd&quot;" date="2025-12-27T13:39:52.870" /><!-- duration: 0ms -->
          <step title="Executing external process" date="2025-12-27T13:39:52.887" type="process" path="starter.cmd" arguments="&quot;C:\home\site\deployments\tools\deploy.cmd&quot;" >
            <step title="Handling Basic Web Site deployment." date="2025-12-27T13:39:56.135" /><!-- duration: 115ms -->
            <step title="Creating app_offline.htm" date="2025-12-27T13:39:58.640" /><!-- duration: 0ms -->
            <step title="KuduSync.NET from: &apos;C:\local\Temp\zipdeploy\extracted&apos; to: &apos;C:\home\site\wwwroot&apos;" date="2025-12-27T13:39:58.670" /><!-- duration: 13ms -->
            <step title="Copying file: &apos;InvestmentPortfolio.Wcf.dll&apos;" date="2025-12-27T13:39:58.719" /><!-- duration: 11ms -->
            <step title="Copying file: &apos;InvestmentPortfolio.Wcf.exe&apos;" date="2025-12-27T13:39:58.778" /><!-- duration: 0ms -->
            <step title="Copying file: &apos;InvestmentPortfolio.Wcf.pdb&apos;" date="2025-12-27T13:39:58.808" /><!-- duration: 19ms -->
            <step title="Copying file: &apos;publish\publish\appsettings.json&apos;" date="2025-12-27T13:39:58.856" /><!-- duration: 19ms -->
            <step title="Copying file: &apos;publish\publish\appsettings.Production.json&apos;" date="2025-12-27T13:39:58.905" /><!-- duration: 0ms -->
            <step title="Copying file: &apos;publish\publish\InvestmentPortfolio.Wcf.deps.json&apos;" date="2025-12-27T13:39:58.984" /><!-- duration: 0ms -->
            <step title="Copying file: &apos;publish\publish\InvestmentPortfolio.Wcf.runtimeconfig.json&apos;" date="2025-12-27T13:39:59.014" /><!-- duration: 13ms -->
            <step title="Copying file: &apos;publish\publish\InvestmentPortfolio.Wcf.staticwebassets.endpoints.json&apos;" date="2025-12-27T13:39:59.063" /><!-- duration: 10ms -->
            <step title="Copying file: &apos;publish\publish\web.config&apos;" date="2025-12-27T13:39:59.105" /><!-- duration: 17ms -->
            <step title="Deleting app_offline.htm" date="2025-12-27T13:39:59.151" /><!-- duration: 0ms -->
            <step title="Finished successfully." date="2025-12-27T13:39:59.183" /><!-- duration: 16ms -->
          </step><!-- duration: 6333ms -->
          <step title="Build completed succesfully." date="2025-12-27T13:39:59.511" /><!-- duration: 20ms -->
          <step title="Running post deployment command(s)..." date="2025-12-27T13:40:00.874" /><!-- duration: 12ms -->
          <step title="Requesting site restart" date="2025-12-27T13:40:01.122" /><!-- duration: 0ms -->
          <step title="Requesting site restart" date="2025-12-27T13:40:01.152" /><!-- duration: 31ms -->
          <step title="Requesting site restart. Attempt #1" date="2025-12-27T13:40:01.277" /><!-- duration: 0ms -->
          <step title="Requesting site restart. Attempt #1" date="2025-12-27T13:40:01.292" /><!-- duration: 0ms -->
          <step title="Successfully requested a restart. Attempt #1" date="2025-12-27T13:40:02.808" /><!-- duration: 0ms -->
          <step title="Successfully requested a restart. Attempt #1" date="2025-12-27T13:40:02.823" /><!-- duration: 19ms -->
          <step title="Deployment successful. DEPLOYMENTINFO: deploymentPath = OneDeploy, deployer = OneDeploy, os = windows, sku = Basic, siteName = investmentportfolio-wcf, siteHostName = investmentportfolio-wcf.azurewebsites.net, deploymentStatus = Success" date="2025-12-27T13:40:02.923" /><!-- duration: 0ms -->
        </step><!-- duration: 11063ms -->
      </step><!-- duration: 11551ms -->
      <step title="Cleaning up temp files" date="2025-12-27T13:40:03.233" /><!-- duration: 0ms -->
      <step title="Skip function trigger and logicapp sync because function is not enabled." date="2025-12-27T13:40:03.261" /><!-- duration: 0ms -->
    </step><!-- duration: 14428ms -->
    <step title="LockFile &apos;C:\home\site\locks\deployments.lock&apos; released" date="2025-12-27T13:40:03.339" /><!-- duration: 0ms -->
    <step title="Deleting shutdown sentinel file" date="2025-12-27T13:40:03.355" SemaphoreCount="8" /><!-- duration: 0ms -->
  </step><!-- duration: 15665ms -->
  <step title="Outgoing response" date="2025-12-27T13:40:03.482" type="response" statusCode="200" statusText="OK" Server="Microsoft-IIS/10.0" x-ms-request-id="75ed54f4-e329-11f0-acb6-4c445b6a7846" Cache-Control="private" X-AspNet-Version="4.0.30319" /><!-- duration: 13ms -->
</step><!-- duration: 18253ms -->
