<step title="Incoming Request" date="2025-12-27T14:13:31.375" instance="d1e1e3" url="/api/publish?type=zip" method="POST" type="request" pid="7344,2,8" Cache-Control="no-cache" Connection="Keep-Alive" Content-Length="11497856" Content-Type="application/octet-stream" Accept="*/*" Accept-Encoding="gzip, deflate" Authorization="Bea..." Host="investmentportfolio-wcf.scm.azurewebsites.net" User-Agent="AZURECLI/2.80.0 (MSI)" x-ms-client-request-id="2e0e6a32-e32e-11f0-926c-4c445b6a7846" X-ARR-LOG-ID="2e0e6a32-e32e-11f0-926c-4c445b6a7846" CLIENT-IP="176.79.166.60:58326" X-SITE-DEPLOYMENT-ID="investmentportfolio-wcf" WAS-DEFAULT-HOSTNAME="investmentportfolio-wcf.scm.azurewebsites.net" X-Forwarded-Proto="https" X-AppService-Proto="https" X-Forwarded-TlsVersion="1.3" X-WAWS-Unencoded-URL="/api/publish?type=zip" X-MS-COLDSTART="1" >
  <step title="OneDeploy" date="2025-12-27T14:13:33.846" >
    <step title="Starting PushDeployAsync" date="2025-12-27T14:13:33.974" /><!-- duration: 0ms -->
    <step title="Updating shutdown sentinel last write time" date="2025-12-27T14:13:34.251" SemaphoreCount="7" /><!-- duration: 19ms -->
    <step title="LockFile &apos;C:\home\site\locks\deployments.lock&apos; acquired" date="2025-12-27T14:13:34.281" /><!-- duration: 0ms -->
    <step title="Saving request content to C:\local\Temp\zipdeploy\ngt0nild.zip" date="2025-12-27T14:13:34.300" >
      <step title="Total 11,497,856 bytes written to C:\local\Temp\zipdeploy\ngt0nild.zip" date="2025-12-27T14:13:34.969" /><!-- duration: 18ms -->
    </step><!-- duration: 700ms -->
    <step title="LockFile &apos;C:\home\site\locks\deployments.lock&apos; released" date="2025-12-27T14:13:35.000" /><!-- duration: 36ms -->
    <step title="Deleting shutdown sentinel file" date="2025-12-27T14:13:35.047" SemaphoreCount="8" /><!-- duration: 0ms -->
    <step title="Starting FetchDeploy" date="2025-12-27T14:13:35.063" /><!-- duration: 16ms -->
    <step title="Attempting to fetch target branch HEAD" date="2025-12-27T14:13:35.095" /><!-- duration: 14ms -->
    <step title="Updating shutdown sentinel last write time" date="2025-12-27T14:13:35.173" SemaphoreCount="7" /><!-- duration: 50ms -->
    <step title="LockFile &apos;C:\home\site\locks\deployments.lock&apos; acquired" date="2025-12-27T14:13:35.235" /><!-- duration: 0ms -->
    <step title="Performing fetch based deployment" date="2025-12-27T14:13:35.271" >
      <step title="Creating temporary deployment" date="2025-12-27T14:13:35.271" /><!-- duration: 136ms -->
      <step title="Fetching changes." date="2025-12-27T14:13:35.580" /><!-- duration: 0ms -->
      <step title="Starting LocalZipHandler" date="2025-12-27T14:13:35.610" /><!-- duration: 0ms -->
      <step title="Starting LocalZipFetch" date="2025-12-27T14:13:35.641" /><!-- duration: 0ms -->
      <step title="Cleaning up temp folders from previous zip deployments and extracting pushed zip file C:\local\Temp\zipdeploy\ngt0nild.zip (10.97 MB) to C:\local\Temp\zipdeploy\extracted" date="2025-12-27T14:13:35.641" /><!-- duration: 16ms -->
      <step title="Cleaning up temp folders from previous zip deployments and extracting pushed zip file C:\local\Temp\zipdeploy\ngt0nild.zip (10.97 MB) to C:\local\Temp\zipdeploy\extracted" date="2025-12-27T14:13:35.656" >
        <step title="Extracting 166 entries to C:\local\Temp\zipdeploy\extracted directory" date="2025-12-27T14:13:35.709" >
          <step title="Extracting to C:\local\Temp\zipdeploy\extracted\cs\Microsoft.Data.SqlClient.resources.dll ..." date="2025-12-27T14:13:35.719" /><!-- duration: 49ms -->
          <step title="Extracting to C:\local\Temp\zipdeploy\extracted\cs\System.ServiceModel.Primitives.resources.dll ..." date="2025-12-27T14:13:35.799" /><!-- duration: 0ms -->
          <step title="Extracting to C:\local\Temp\zipdeploy\extracted\cs\System.Web.Services.Description.resources.dll ..." date="2025-12-27T14:13:35.813" /><!-- duration: 0ms -->
          <step title="Extracting to C:\local\Temp\zipdeploy\extracted\de\Microsoft.Data.SqlClient.resources.dll ..." date="2025-12-27T14:13:35.813" /><!-- duration: 16ms -->
          <step title="Extracting to C:\local\Temp\zipdeploy\extracted\de\System.ServiceModel.Primitives.resources.dll ..." date="2025-12-27T14:13:35.860" /><!-- duration: 0ms -->
          <step title="Omitting extracting file traces ..." date="2025-12-27T14:13:35.860" /><!-- duration: 16ms -->
        </step><!-- duration: 2181ms -->
      </step><!-- duration: 2266ms -->
      <step title="None repository commit" date="2025-12-27T14:13:37.939" >
        <step title="Commit id: 251503f4f78e4ba683b98b3ca6046771" date="2025-12-27T14:13:37.969" Message="OneDeploy" AuthorName="N/A" AuthorEmail="N/A" /><!-- duration: 0ms -->
      </step><!-- duration: 50ms -->
      <step title="Before sending BuildRequestReceived status to /api/updatedeploystatus" date="2025-12-27T14:13:37.989" /><!-- duration: 11ms -->
      <step title="DeploymentManager.Deploy(id:251503f4f78e4ba683b98b3ca6046771)" date="2025-12-27T14:13:38.019" >
        <step title="Collecting changeset information" date="2025-12-27T14:13:38.063" /><!-- duration: 142ms -->
        <step title="Updating submodules" date="2025-12-27T14:13:38.205" >
          <step title="Updating submodules." date="2025-12-27T14:13:38.283" /><!-- duration: 0ms -->
        </step><!-- duration: 92ms -->
        <step title="Preparing deployment for commit id &apos;251503f4f7&apos;." date="2025-12-27T14:13:38.412" /><!-- duration: 10ms -->
        <step title="Determining deployment builder" date="2025-12-27T14:13:38.470" >
          <step title="Builder is OneDeployBuilder" date="2025-12-27T14:13:38.485" /><!-- duration: 0ms -->
        </step><!-- duration: 14ms -->
        <step title="Copying SSH keys" date="2025-12-27T14:13:38.531" /><!-- duration: 19ms -->
        <step title="Building" date="2025-12-27T14:13:38.563" >
          <step title="Running build. Project type: OneDeploy" date="2025-12-27T14:13:38.627" /><!-- duration: 0ms -->
          <step title="Copying the manifest" date="2025-12-27T14:13:38.672" /><!-- duration: 0ms -->
          <step title="Clean deploying to C:\home\site\wwwroot" date="2025-12-27T14:13:38.750" /><!-- duration: 0ms -->
          <step title="Generating deployment script." date="2025-12-27T14:13:38.844" /><!-- duration: 16ms -->
          <step title="Generating deployment script" date="2025-12-27T14:13:38.875" >
            <step title="Using cached version of the deployment script for command: -y --no-dot-deployment -r &quot;C:\local\Temp\zipdeploy\extracted&quot; -o &quot;C:\home\site\deployments\tools&quot; --basic --sitePath &quot;C:\local\Temp\zipdeploy\extracted&quot;" date="2025-12-27T14:13:39.031" /><!-- duration: 0ms -->
            <step title="Using cached version of deployment script (command: &apos;azure -y --no-dot-deployment -r &quot;C:\local\Temp\zipdeploy\extracted&quot; -o &quot;C:\home\site\deployments\tools&quot; --basic --sitePath &quot;C:\local\Temp\zipdeploy\extracted&quot;&apos;)." date="2025-12-27T14:13:39.047" /><!-- duration: 0ms -->
          </step><!-- duration: 218ms -->
          <step title="Running deployment command..." date="2025-12-27T14:13:39.125" /><!-- duration: 0ms -->
          <step title="Command: &quot;C:\home\site\deployments\tools\deploy.cmd&quot;" date="2025-12-27T14:13:39.156" /><!-- duration: 0ms -->
          <step title="Executing external process" date="2025-12-27T14:13:39.204" type="process" path="starter.cmd" arguments="&quot;C:\home\site\deployments\tools\deploy.cmd&quot;" >
            <step title="Handling Basic Web Site deployment." date="2025-12-27T14:13:42.331" /><!-- duration: 111ms -->
            <step title="Creating app_offline.htm" date="2025-12-27T14:13:42.453" /><!-- duration: 53ms -->
            <step title="KuduSync.NET from: &apos;C:\local\Temp\zipdeploy\extracted&apos; to: &apos;C:\home\site\wwwroot&apos;" date="2025-12-27T14:13:42.563" /><!-- duration: 0ms -->
            <step title="Deleting app_offline.htm" date="2025-12-27T14:13:42.594" /><!-- duration: 0ms -->
            <step title="Finished successfully." date="2025-12-27T14:13:42.610" /><!-- duration: 31ms -->
          </step><!-- duration: 3453ms -->
          <step title="Build completed succesfully." date="2025-12-27T14:13:42.782" /><!-- duration: 0ms -->
          <step title="Running post deployment command(s)..." date="2025-12-27T14:13:42.891" /><!-- duration: 19ms -->
          <step title="Requesting site restart" date="2025-12-27T14:13:43.332" /><!-- duration: 12ms -->
          <step title="Requesting site restart" date="2025-12-27T14:13:43.361" /><!-- duration: 20ms -->
          <step title="Requesting site restart. Attempt #1" date="2025-12-27T14:13:44.469" /><!-- duration: 0ms -->
          <step title="Requesting site restart. Attempt #1" date="2025-12-27T14:13:44.485" /><!-- duration: 16ms -->
          <step title="Successfully requested a restart. Attempt #1" date="2025-12-27T14:13:46.303" /><!-- duration: 10ms -->
          <step title="Successfully requested a restart. Attempt #1" date="2025-12-27T14:13:46.313" /><!-- duration: 19ms -->
          <step title="Deployment successful. DEPLOYMENTINFO: deploymentPath = OneDeploy, deployer = OneDeploy, os = windows, sku = Basic, siteName = investmentportfolio-wcf, siteHostName = investmentportfolio-wcf.azurewebsites.net, deploymentStatus = Success" date="2025-12-27T14:13:46.438" /><!-- duration: 0ms -->
          <step title="Purge deployment items" date="2025-12-27T14:13:47.143" >
            <step title="Remove c11e64b66, Success, received at 12/27/2025 12:24:54 PM" date="2025-12-27T14:13:47.272" /><!-- duration: 10ms -->
          </step><!-- duration: 139ms -->
        </step><!-- duration: 8781ms -->
      </step><!-- duration: 9342ms -->
      <step title="Cleaning up temp files" date="2025-12-27T14:13:47.361" /><!-- duration: 20ms -->
      <step title="Skip function trigger and logicapp sync because function is not enabled." date="2025-12-27T14:13:47.410" /><!-- duration: 29ms -->
    </step><!-- duration: 12795ms -->
    <step title="LockFile &apos;C:\home\site\locks\deployments.lock&apos; released" date="2025-12-27T14:13:48.078" /><!-- duration: 0ms -->
    <step title="Deleting shutdown sentinel file" date="2025-12-27T14:13:48.094" SemaphoreCount="8" /><!-- duration: 0ms -->
  </step><!-- duration: 14248ms -->
  <step title="Outgoing response" date="2025-12-27T14:13:48.235" type="response" statusCode="200" statusText="OK" Server="Microsoft-IIS/10.0" x-ms-request-id="2e0e6a32-e32e-11f0-926c-4c445b6a7846" Cache-Control="private" X-AspNet-Version="4.0.30319" /><!-- duration: 30ms -->
</step><!-- duration: 16891ms -->
