<step title="Incoming Request" date="2025-12-27T14:09:10.514" instance="d1e1e3" url="/api/publish?type=zip" method="POST" type="request" pid="7816,2,9" Cache-Control="no-cache" Content-Length="11497856" Content-Type="application/octet-stream" Accept="*/*" Accept-Encoding="gzip, deflate" Authorization="Bea..." Host="investmentportfolio-wcf.scm.azurewebsites.net" User-Agent="AZURECLI/2.80.0 (MSI)" x-ms-client-request-id="9a101697-e32d-11f0-b083-4c445b6a7846" X-ARR-LOG-ID="9a101697-e32d-11f0-b083-4c445b6a7846" CLIENT-IP="176.79.166.60:58020" X-SITE-DEPLOYMENT-ID="investmentportfolio-wcf" WAS-DEFAULT-HOSTNAME="investmentportfolio-wcf.scm.azurewebsites.net" X-Forwarded-Proto="https" X-AppService-Proto="https" X-Forwarded-TlsVersion="1.3" X-WAWS-Unencoded-URL="/api/publish?type=zip" >
  <step title="Cleanup Xml Logs" date="2025-12-27T14:09:10.514" /><!-- duration: 0ms -->
  <step title="OneDeploy" date="2025-12-27T14:09:10.754" >
    <step title="Starting PushDeployAsync" date="2025-12-27T14:09:10.842" /><!-- duration: 0ms -->
    <step title="Updating shutdown sentinel last write time" date="2025-12-27T14:09:11.030" SemaphoreCount="7" /><!-- duration: 0ms -->
    <step title="LockFile &apos;C:\home\site\locks\deployments.lock&apos; acquired" date="2025-12-27T14:09:11.092" /><!-- duration: 16ms -->
    <step title="Saving request content to C:\local\Temp\zipdeploy\1ka2fei4.zip" date="2025-12-27T14:09:11.125" >
      <step title="Total 11,497,856 bytes written to C:\local\Temp\zipdeploy\1ka2fei4.zip" date="2025-12-27T14:09:14.424" /><!-- duration: 0ms -->
    </step><!-- duration: 3315ms -->
    <step title="LockFile &apos;C:\home\site\locks\deployments.lock&apos; released" date="2025-12-27T14:09:14.440" /><!-- duration: 0ms -->
    <step title="Deleting shutdown sentinel file" date="2025-12-27T14:09:14.455" SemaphoreCount="8" /><!-- duration: 0ms -->
    <step title="Starting FetchDeploy" date="2025-12-27T14:09:14.470" /><!-- duration: 19ms -->
    <step title="Attempting to fetch target branch HEAD" date="2025-12-27T14:09:14.490" /><!-- duration: 0ms -->
    <step title="Updating shutdown sentinel last write time" date="2025-12-27T14:09:14.502" SemaphoreCount="7" /><!-- duration: 0ms -->
    <step title="LockFile &apos;C:\home\site\locks\deployments.lock&apos; acquired" date="2025-12-27T14:09:14.519" /><!-- duration: 0ms -->
    <step title="Performing fetch based deployment" date="2025-12-27T14:09:14.549" >
      <step title="Creating temporary deployment" date="2025-12-27T14:09:14.549" /><!-- duration: 141ms -->
      <step title="Fetching changes." date="2025-12-27T14:09:14.835" /><!-- duration: 11ms -->
      <step title="Starting LocalZipHandler" date="2025-12-27T14:09:14.845" /><!-- duration: 19ms -->
      <step title="Starting LocalZipFetch" date="2025-12-27T14:09:14.877" /><!-- duration: 17ms -->
      <step title="Cleaning up temp folders from previous zip deployments and extracting pushed zip file C:\local\Temp\zipdeploy\1ka2fei4.zip (10.97 MB) to C:\local\Temp\zipdeploy\extracted" date="2025-12-27T14:09:14.894" /><!-- duration: 0ms -->
      <step title="Cleaning up temp folders from previous zip deployments and extracting pushed zip file C:\local\Temp\zipdeploy\1ka2fei4.zip (10.97 MB) to C:\local\Temp\zipdeploy\extracted" date="2025-12-27T14:09:14.908" >
        <step title="Renaming extractTargetDirectory(C:\local\Temp\zipdeploy\extracted) to tempDirectory(C:\local\Temp\zipdeploy\1abozld4.z1e)" date="2025-12-27T14:09:14.908" /><!-- duration: 0ms -->
        <step title="Extracting 166 entries to C:\local\Temp\zipdeploy\extracted directory" date="2025-12-27T14:09:14.972" >
          <step title="Extracting to C:\local\Temp\zipdeploy\extracted\cs\Microsoft.Data.SqlClient.resources.dll ..." date="2025-12-27T14:09:15.177" /><!-- duration: 138ms -->
          <step title="Extracting to C:\local\Temp\zipdeploy\extracted\cs\System.ServiceModel.Primitives.resources.dll ..." date="2025-12-27T14:09:15.332" /><!-- duration: 20ms -->
          <step title="Extracting to C:\local\Temp\zipdeploy\extracted\cs\System.Web.Services.Description.resources.dll ..." date="2025-12-27T14:09:15.361" /><!-- duration: 20ms -->
          <step title="Extracting to C:\local\Temp\zipdeploy\extracted\de\Microsoft.Data.SqlClient.resources.dll ..." date="2025-12-27T14:09:15.392" /><!-- duration: 18ms -->
          <step title="Extracting to C:\local\Temp\zipdeploy\extracted\de\System.ServiceModel.Primitives.resources.dll ..." date="2025-12-27T14:09:15.424" /><!-- duration: 16ms -->
          <step title="Omitting extracting file traces ..." date="2025-12-27T14:09:15.440" /><!-- duration: 0ms -->
        </step><!-- duration: 2469ms -->
      </step><!-- duration: 2582ms -->
      <step title="None repository commit" date="2025-12-27T14:09:17.490" >
        <step title="Commit id: 39a992de19f74f55849041e9e95077d7" date="2025-12-27T14:09:17.502" Message="OneDeploy" AuthorName="N/A" AuthorEmail="N/A" /><!-- duration: 0ms -->
      </step><!-- duration: 12ms -->
      <step title="Before sending BuildRequestReceived status to /api/updatedeploystatus" date="2025-12-27T14:09:17.502" /><!-- duration: 0ms -->
      <step title="DeploymentManager.Deploy(id:39a992de19f74f55849041e9e95077d7)" date="2025-12-27T14:09:17.517" >
        <step title="Collecting changeset information" date="2025-12-27T14:09:17.533" /><!-- duration: 66ms -->
        <step title="Updating submodules" date="2025-12-27T14:09:17.611" >
          <step title="Updating submodules." date="2025-12-27T14:09:17.695" /><!-- duration: 10ms -->
        </step><!-- duration: 109ms -->
        <step title="Preparing deployment for commit id &apos;39a992de19&apos;." date="2025-12-27T14:09:17.799" /><!-- duration: 16ms -->
        <step title="Determining deployment builder" date="2025-12-27T14:09:17.878" >
          <step title="Builder is OneDeployBuilder" date="2025-12-27T14:09:17.892" /><!-- duration: 0ms -->
        </step><!-- duration: 14ms -->
        <step title="Copying SSH keys" date="2025-12-27T14:09:17.941" /><!-- duration: 29ms -->
        <step title="Building" date="2025-12-27T14:09:17.970" >
          <step title="Running build. Project type: OneDeploy" date="2025-12-27T14:09:18.017" /><!-- duration: 16ms -->
          <step title="Copying the manifest" date="2025-12-27T14:09:18.142" /><!-- duration: 16ms -->
          <step title="Clean deploying to C:\home\site\wwwroot" date="2025-12-27T14:09:18.220" /><!-- duration: 0ms -->
          <step title="Generating deployment script." date="2025-12-27T14:09:18.330" /><!-- duration: 17ms -->
          <step title="Generating deployment script" date="2025-12-27T14:09:18.347" >
            <step title="Using cached version of the deployment script for command: -y --no-dot-deployment -r &quot;C:\local\Temp\zipdeploy\extracted&quot; -o &quot;C:\home\site\deployments\tools&quot; --basic --sitePath &quot;C:\local\Temp\zipdeploy\extracted&quot;" date="2025-12-27T14:09:18.502" /><!-- duration: 0ms -->
            <step title="Using cached version of deployment script (command: &apos;azure -y --no-dot-deployment -r &quot;C:\local\Temp\zipdeploy\extracted&quot; -o &quot;C:\home\site\deployments\tools&quot; --basic --sitePath &quot;C:\local\Temp\zipdeploy\extracted&quot;&apos;)." date="2025-12-27T14:09:18.533" /><!-- duration: 0ms -->
          </step><!-- duration: 217ms -->
          <step title="Running deployment command..." date="2025-12-27T14:09:18.630" /><!-- duration: 13ms -->
          <step title="Command: &quot;C:\home\site\deployments\tools\deploy.cmd&quot;" date="2025-12-27T14:09:18.659" /><!-- duration: 0ms -->
          <step title="Executing external process" date="2025-12-27T14:09:18.708" type="process" path="starter.cmd" arguments="&quot;C:\home\site\deployments\tools\deploy.cmd&quot;" >
            <step title="Handling Basic Web Site deployment." date="2025-12-27T14:09:19.361" /><!-- duration: 17ms -->
            <step title="Creating app_offline.htm" date="2025-12-27T14:09:22.459" /><!-- duration: 0ms -->
            <step title="KuduSync.NET from: &apos;C:\local\Temp\zipdeploy\extracted&apos; to: &apos;C:\home\site\wwwroot&apos;" date="2025-12-27T14:09:22.502" /><!-- duration: 16ms -->
            <step title="Copying file: &apos;InvestmentPortfolio.Wcf.dll&apos;" date="2025-12-27T14:09:22.549" /><!-- duration: 31ms -->
            <step title="Copying file: &apos;InvestmentPortfolio.Wcf.exe&apos;" date="2025-12-27T14:09:22.627" /><!-- duration: 19ms -->
            <step title="Copying file: &apos;InvestmentPortfolio.Wcf.pdb&apos;" date="2025-12-27T14:09:22.675" /><!-- duration: 0ms -->
            <step title="Copying file: &apos;publish\publish\publish\publish\publish\appsettings.json&apos;" date="2025-12-27T14:09:22.689" /><!-- duration: 0ms -->
            <step title="Copying file: &apos;publish\publish\publish\publish\publish\appsettings.Production.json&apos;" date="2025-12-27T14:09:22.705" /><!-- duration: 19ms -->
            <step title="Copying file: &apos;publish\publish\publish\publish\publish\InvestmentPortfolio.Wcf.deps.json&apos;" date="2025-12-27T14:09:22.753" /><!-- duration: 0ms -->
            <step title="Copying file: &apos;publish\publish\publish\publish\publish\InvestmentPortfolio.Wcf.runtimeconfig.json&apos;" date="2025-12-27T14:09:22.783" /><!-- duration: 18ms -->
            <step title="Copying file: &apos;publish\publish\publish\publish\publish\InvestmentPortfolio.Wcf.staticwebassets.endpoints.json&apos;" date="2025-12-27T14:09:22.830" /><!-- duration: 0ms -->
            <step title="Copying file: &apos;publish\publish\publish\publish\publish\web.config&apos;" date="2025-12-27T14:09:22.880" /><!-- duration: 29ms -->
            <step title="Deleting app_offline.htm" date="2025-12-27T14:09:22.939" /><!-- duration: 19ms -->
            <step title="Finished successfully." date="2025-12-27T14:09:22.987" /><!-- duration: 19ms -->
          </step><!-- duration: 4309ms -->
          <step title="Build completed succesfully." date="2025-12-27T14:09:24.174" /><!-- duration: 0ms -->
          <step title="Running post deployment command(s)..." date="2025-12-27T14:09:24.552" /><!-- duration: 13ms -->
          <step title="Requesting site restart" date="2025-12-27T14:09:24.737" /><!-- duration: 19ms -->
          <step title="Requesting site restart" date="2025-12-27T14:09:24.785" /><!-- duration: 0ms -->
          <step title="Requesting site restart. Attempt #1" date="2025-12-27T14:09:25.564" /><!-- duration: 0ms -->
          <step title="Requesting site restart. Attempt #1" date="2025-12-27T14:09:25.596" /><!-- duration: 18ms -->
          <step title="Successfully requested a restart. Attempt #1" date="2025-12-27T14:09:27.659" /><!-- duration: 19ms -->
          <step title="Successfully requested a restart. Attempt #1" date="2025-12-27T14:09:28.002" /><!-- duration: 187ms -->
          <step title="Deployment successful. DEPLOYMENTINFO: deploymentPath = OneDeploy, deployer = OneDeploy, os = windows, sku = Basic, siteName = investmentportfolio-wcf, siteHostName = investmentportfolio-wcf.azurewebsites.net, deploymentStatus = Success" date="2025-12-27T14:09:28.314" /><!-- duration: 0ms -->
        </step><!-- duration: 10739ms -->
      </step><!-- duration: 11203ms -->
      <step title="Cleaning up temp files" date="2025-12-27T14:09:28.721" /><!-- duration: 16ms -->
      <step title="Skip function trigger and logicapp sync because function is not enabled." date="2025-12-27T14:09:28.757" /><!-- duration: 11ms -->
    </step><!-- duration: 14281ms -->
    <step title="LockFile &apos;C:\home\site\locks\deployments.lock&apos; released" date="2025-12-27T14:09:28.846" /><!-- duration: 0ms -->
    <step title="Deleting shutdown sentinel file" date="2025-12-27T14:09:28.861" SemaphoreCount="8" /><!-- duration: 22ms -->
  </step><!-- duration: 18138ms -->
  <step title="Outgoing response" date="2025-12-27T14:09:28.912" type="response" statusCode="200" statusText="OK" Server="Microsoft-IIS/10.0" x-ms-request-id="9a101697-e32d-11f0-b083-4c445b6a7846" Cache-Control="private" X-AspNet-Version="4.0.30319" /><!-- duration: 11ms -->
</step><!-- duration: 18428ms -->
