<step title="BackgroundTrace" date="2025-12-27T12:50:34.143" instance="d1e1e3" url="/api/zipdeploy" method="POST" >
  <step title="Updating shutdown sentinel last write time" date="2025-12-27T12:50:34.175" SemaphoreCount="7" /><!-- duration: 0ms -->
  <step title="LockFile &apos;C:\home\site\locks\deployments.lock&apos; acquired" date="2025-12-27T12:50:34.175" /><!-- duration: 16ms -->
  <step title="Creating temporary deployment" date="2025-12-27T12:50:34.190" /><!-- duration: 172ms -->
  <step title="Performing fetch based deployment" date="2025-12-27T12:50:34.379" >
    <step title="Fetching changes." date="2025-12-27T12:50:34.661" /><!-- duration: 29ms -->
    <step title="Starting LocalZipHandler" date="2025-12-27T12:50:34.690" /><!-- duration: 47ms -->
    <step title="Cleaning up temp folders from previous zip deployments and extracting pushed zip file C:\local\Temp\zipdeploy\ah2wj0zd.zip (12.57 MB) to C:\local\Temp\zipdeploy\extracted" date="2025-12-27T12:50:34.846" /><!-- duration: 16ms -->
    <step title="Cleaning up temp folders from previous zip deployments and extracting pushed zip file C:\local\Temp\zipdeploy\ah2wj0zd.zip (12.57 MB) to C:\local\Temp\zipdeploy\extracted" date="2025-12-27T12:50:34.862" >
      <step title="Extracting 159 entries to C:\local\Temp\zipdeploy\extracted directory" date="2025-12-27T12:50:34.915" >
        <step title="Extracting to C:\local\Temp\zipdeploy\extracted\cs\Microsoft.Data.SqlClient.resources.dll ..." date="2025-12-27T12:50:34.925" /><!-- duration: 62ms -->
        <step title="Extracting to C:\local\Temp\zipdeploy\extracted\cs\System.ServiceModel.Primitives.resources.dll ..." date="2025-12-27T12:50:34.987" /><!-- duration: 18ms -->
        <step title="Extracting to C:\local\Temp\zipdeploy\extracted\cs\System.Web.Services.Description.resources.dll ..." date="2025-12-27T12:50:35.005" /><!-- duration: 0ms -->
        <step title="Extracting to C:\local\Temp\zipdeploy\extracted\de\Microsoft.Data.SqlClient.resources.dll ..." date="2025-12-27T12:50:35.018" /><!-- duration: 16ms -->
        <step title="Extracting to C:\local\Temp\zipdeploy\extracted\de\System.ServiceModel.Primitives.resources.dll ..." date="2025-12-27T12:50:35.034" /><!-- duration: 15ms -->
        <step title="Omitting extracting file traces ..." date="2025-12-27T12:50:35.065" /><!-- duration: 0ms -->
      </step><!-- duration: 2390ms -->
    </step><!-- duration: 2549ms -->
    <step title="Before sending BuildRequestReceived status to /api/updatedeploystatus" date="2025-12-27T12:50:37.431" /><!-- duration: 0ms -->
    <step title="DeploymentManager.Deploy(id:ad2417ba24cf4c83835066d3f5ae7118)" date="2025-12-27T12:50:37.488" >
      <step title="Collecting changeset information" date="2025-12-27T12:50:37.488" /><!-- duration: 68ms -->
      <step title="Updating submodules" date="2025-12-27T12:50:37.567" >
        <step title="Updating submodules." date="2025-12-27T12:50:37.598" /><!-- duration: 16ms -->
      </step><!-- duration: 67ms -->
      <step title="Preparing deployment for commit id &apos;ad2417ba24&apos;." date="2025-12-27T12:50:37.713" /><!-- duration: 0ms -->
      <step title="Determining deployment builder" date="2025-12-27T12:50:37.773" >
        <step title="Builder is BasicBuilder" date="2025-12-27T12:50:37.786" /><!-- duration: 16ms -->
      </step><!-- duration: 29ms -->
      <step title="Copying SSH keys" date="2025-12-27T12:50:37.865" /><!-- duration: 19ms -->
      <step title="Building" date="2025-12-27T12:50:37.884" >
        <step title="Generating deployment script." date="2025-12-27T12:50:37.927" /><!-- duration: 16ms -->
        <step title="Generating deployment script" date="2025-12-27T12:50:37.942" >
          <step title="Using cached version of the deployment script for command: -y --no-dot-deployment -r &quot;C:\local\Temp\zipdeploy\extracted&quot; -o &quot;C:\home\site\deployments\tools&quot; --basic --sitePath &quot;C:\local\Temp\zipdeploy\extracted&quot;" date="2025-12-27T12:50:38.115" /><!-- duration: 0ms -->
          <step title="Using cached version of deployment script (command: &apos;azure -y --no-dot-deployment -r &quot;C:\local\Temp\zipdeploy\extracted&quot; -o &quot;C:\home\site\deployments\tools&quot; --basic --sitePath &quot;C:\local\Temp\zipdeploy\extracted&quot;&apos;)." date="2025-12-27T12:50:38.115" /><!-- duration: 15ms -->
        </step><!-- duration: 188ms -->
        <step title="Running deployment command..." date="2025-12-27T12:50:38.193" /><!-- duration: 0ms -->
        <step title="Command: &quot;C:\home\site\deployments\tools\deploy.cmd&quot;" date="2025-12-27T12:50:38.223" /><!-- duration: 0ms -->
        <step title="Executing external process" date="2025-12-27T12:50:38.241" type="process" path="starter.cmd" arguments="&quot;C:\home\site\deployments\tools\deploy.cmd&quot;" >
          <step title="Handling Basic Web Site deployment." date="2025-12-27T12:50:38.927" /><!-- duration: 0ms -->
          <step title="Creating app_offline.htm" date="2025-12-27T12:50:39.614" /><!-- duration: 16ms -->
          <step title="KuduSync.NET from: &apos;C:\local\Temp\zipdeploy\extracted&apos; to: &apos;C:\home\site\wwwroot&apos;" date="2025-12-27T12:50:39.649" /><!-- duration: 0ms -->
          <step title="Copying file: &apos;InvestmentPortfolio.Application.dll&apos;" date="2025-12-27T12:50:39.661" /><!-- duration: 17ms -->
          <step title="Copying file: &apos;InvestmentPortfolio.Application.pdb&apos;" date="2025-12-27T12:50:39.692" /><!-- duration: 0ms -->
          <step title="Copying file: &apos;InvestmentPortfolio.Contracts.dll&apos;" date="2025-12-27T12:50:39.708" /><!-- duration: 17ms -->
          <step title="Copying file: &apos;InvestmentPortfolio.Contracts.pdb&apos;" date="2025-12-27T12:50:39.725" /><!-- duration: 14ms -->
          <step title="Copying file: &apos;InvestmentPortfolio.Domain.dll&apos;" date="2025-12-27T12:50:39.755" /><!-- duration: 0ms -->
          <step title="Copying file: &apos;InvestmentPortfolio.Domain.pdb&apos;" date="2025-12-27T12:50:39.772" /><!-- duration: 0ms -->
          <step title="Copying file: &apos;InvestmentPortfolio.Infrastructure.dll&apos;" date="2025-12-27T12:50:39.786" /><!-- duration: 0ms -->
          <step title="Copying file: &apos;InvestmentPortfolio.Infrastructure.pdb&apos;" date="2025-12-27T12:50:39.803" /><!-- duration: 0ms -->
          <step title="Copying file: &apos;InvestmentPortfolio.Wcf.deps.json&apos;" date="2025-12-27T12:50:39.833" /><!-- duration: 0ms -->
          <step title="Copying file: &apos;InvestmentPortfolio.Wcf.dll&apos;" date="2025-12-27T12:50:39.852" /><!-- duration: 12ms -->
          <step title="Copying file: &apos;InvestmentPortfolio.Wcf.exe&apos;" date="2025-12-27T12:50:39.882" /><!-- duration: 20ms -->
          <step title="Copying file: &apos;InvestmentPortfolio.Wcf.pdb&apos;" date="2025-12-27T12:50:39.911" /><!-- duration: 0ms -->
          <step title="Copying file: &apos;InvestmentPortfolio.Wcf.runtimeconfig.json&apos;" date="2025-12-27T12:50:39.931" /><!-- duration: 12ms -->
          <step title="Copying file: &apos;InvestmentPortfolio.Wcf.staticwebassets.endpoints.json&apos;" date="2025-12-27T12:50:39.979" /><!-- duration: 0ms -->
          <step title="Copying file: &apos;Microsoft.Bcl.TimeProvider.dll&apos;" date="2025-12-27T12:50:39.989" /><!-- duration: 19ms -->
          <step title="Copying file: &apos;Microsoft.Extensions.Caching.Memory.dll&apos;" date="2025-12-27T12:50:40.020" /><!-- duration: 17ms -->
          <step title="Copying file: &apos;Microsoft.Extensions.Configuration.Binder.dll&apos;" date="2025-12-27T12:50:40.057" /><!-- duration: 10ms -->
          <step title="Copying file: &apos;Microsoft.Extensions.DependencyInjection.Abstractions.dll&apos;" date="2025-12-27T12:50:40.087" /><!-- duration: 0ms -->
          <step title="Copying file: &apos;Microsoft.Extensions.DependencyInjection.dll&apos;" date="2025-12-27T12:50:40.116" /><!-- duration: 0ms -->
          <step title="Copying file: &apos;Microsoft.Extensions.Diagnostics.Abstractions.dll&apos;" date="2025-12-27T12:50:40.145" /><!-- duration: 18ms -->
          <step title="Copying file: &apos;Microsoft.Extensions.Hosting.Abstractions.dll&apos;" date="2025-12-27T12:50:40.193" /><!-- duration: 19ms -->
          <step title="Copying file: &apos;Microsoft.Extensions.Logging.Abstractions.dll&apos;" date="2025-12-27T12:50:40.367" /><!-- duration: 79ms -->
          <step title="Copying file: &apos;Microsoft.Extensions.Logging.Configuration.dll&apos;" date="2025-12-27T12:50:40.476" /><!-- duration: 0ms -->
          <step title="Copying file: &apos;Microsoft.Extensions.Logging.Console.dll&apos;" date="2025-12-27T12:50:40.536" /><!-- duration: 20ms -->
          <step title="Copying file: &apos;Microsoft.Extensions.Logging.Debug.dll&apos;" date="2025-12-27T12:50:40.615" /><!-- duration: 19ms -->
          <step title="Copying file: &apos;Microsoft.Extensions.Logging.dll&apos;" date="2025-12-27T12:50:40.677" /><!-- duration: 16ms -->
          <step title="Copying file: &apos;Microsoft.Extensions.ObjectPool.dll&apos;" date="2025-12-27T12:50:40.724" /><!-- duration: 0ms -->
          <step title="Copying file: &apos;Microsoft.Extensions.Options.dll&apos;" date="2025-12-27T12:50:40.741" /><!-- duration: 0ms -->
          <step title="Copying file: &apos;Microsoft.Extensions.WebEncoders.dll&apos;" date="2025-12-27T12:50:40.770" /><!-- duration: 0ms -->
          <step title="Copying file: &apos;Microsoft.IdentityModel.Protocols.WsFederation.dll&apos;" date="2025-12-27T12:50:40.789" /><!-- duration: 12ms -->
          <step title="Copying file: &apos;Microsoft.IdentityModel.Tokens.Saml.dll&apos;" date="2025-12-27T12:50:40.818" /><!-- duration: 20ms -->
          <step title="Copying file: &apos;System.Diagnostics.EventLog.dll&apos;" date="2025-12-27T12:50:40.849" /><!-- duration: 0ms -->
          <step title="Copying file: &apos;System.Net.WebSockets.WebSocketProtocol.dll&apos;" date="2025-12-27T12:50:40.864" /><!-- duration: 0ms -->
          <step title="Copying file: &apos;System.Security.Cryptography.Pkcs.dll&apos;" date="2025-12-27T12:50:40.896" /><!-- duration: 0ms -->
          <step title="Copying file: &apos;System.Security.Cryptography.Xml.dll&apos;" date="2025-12-27T12:50:40.944" /><!-- duration: 0ms -->
          <step title="Copying file: &apos;cs\Microsoft.Data.SqlClient.resources.dll&apos;" date="2025-12-27T12:50:40.974" /><!-- duration: 20ms -->
          <step title="Copying file: &apos;de\Microsoft.Data.SqlClient.resources.dll&apos;" date="2025-12-27T12:50:41.005" /><!-- duration: 18ms -->
          <step title="Copying file: &apos;it\Microsoft.Data.SqlClient.resources.dll&apos;" date="2025-12-27T12:50:41.036" /><!-- duration: 0ms -->
          <step title="Copying file: &apos;pl\Microsoft.Data.SqlClient.resources.dll&apos;" date="2025-12-27T12:50:41.052" /><!-- duration: 50ms -->
          <step title="Copying file: &apos;pt-BR\Microsoft.Data.SqlClient.resources.dll&apos;" date="2025-12-27T12:50:41.162" /><!-- duration: 0ms -->
          <step title="Copying file: &apos;publish\publish\publish\appsettings.json&apos;" date="2025-12-27T12:50:41.211" /><!-- duration: 13ms -->
          <step title="Copying file: &apos;publish\publish\publish\appsettings.Production.json&apos;" date="2025-12-27T12:50:41.239" /><!-- duration: 18ms -->
          <step title="Copying file: &apos;publish\publish\publish\InvestmentPortfolio.Wcf.deps.json&apos;" date="2025-12-27T12:50:41.257" /><!-- duration: 13ms -->
          <step title="Copying file: &apos;publish\publish\publish\InvestmentPortfolio.Wcf.runtimeconfig.json&apos;" date="2025-12-27T12:50:41.306" /><!-- duration: 11ms -->
          <step title="Copying file: &apos;publish\publish\publish\InvestmentPortfolio.Wcf.staticwebassets.endpoints.json&apos;" date="2025-12-27T12:50:41.349" /><!-- duration: 17ms -->
          <step title="Copying file: &apos;runtimes\unix\lib\net8.0\Microsoft.Data.SqlClient.dll&apos;" date="2025-12-27T12:50:41.385" /><!-- duration: 11ms -->
          <step title="Copying file: &apos;runtimes\win\lib\net8.0\Microsoft.Data.SqlClient.dll&apos;" date="2025-12-27T12:50:41.414" /><!-- duration: 0ms -->
          <step title="Copying file: &apos;runtimes\win\lib\net8.0\System.Diagnostics.EventLog.dll&apos;" date="2025-12-27T12:50:41.443" /><!-- duration: 19ms -->
          <step title="Omitting next output lines..." date="2025-12-27T12:50:41.474" /><!-- duration: 207ms -->
          <step title="Finished successfully." date="2025-12-27T12:50:41.692" /><!-- duration: 0ms -->
        </step><!-- duration: 3469ms -->
        <step title="Running post deployment command(s)..." date="2025-12-27T12:50:41.759" /><!-- duration: 12ms -->
        <step title="Triggering recycle (preview mode disabled)." date="2025-12-27T12:50:41.849" /><!-- duration: 0ms -->
        <step title="Ignoring FS watcher based recycle request as this is a classic Windows app." date="2025-12-27T12:50:41.864" /><!-- duration: 0ms -->
        <step title="Deployment successful. DEPLOYMENTINFO: deploymentPath = ZipDeploy. Extract zip. , deployer = ZipDeploy, os = windows, sku = Basic, siteName = investmentportfolio-wcf, siteHostName = investmentportfolio-wcf.azurewebsites.net, deploymentStatus = Success" date="2025-12-27T12:50:42.011" /><!-- duration: 10ms -->
      </step><!-- duration: 4324ms -->
    </step><!-- duration: 4736ms -->
    <step title="Cleaning up temp files" date="2025-12-27T12:50:42.239" /><!-- duration: 0ms -->
    <step title="Skip function trigger and logicapp sync because function is not enabled." date="2025-12-27T12:50:42.260" /><!-- duration: 10ms -->
  </step><!-- duration: 7909ms -->
  <step title="LockFile &apos;C:\home\site\locks\deployments.lock&apos; released" date="2025-12-27T12:50:42.287" /><!-- duration: 14ms -->
  <step title="Deleting shutdown sentinel file" date="2025-12-27T12:50:42.302" SemaphoreCount="8" /><!-- duration: 0ms -->
</step><!-- duration: 8158ms -->
