<step title="Incoming Request" date="2025-12-27T13:42:35.574" instance="d1e1e3" url="/api/publish?type=zip" method="POST" type="request" pid="7228,2,8" Cache-Control="no-cache" Connection="Keep-Alive" Content-Length="11475346" Content-Type="application/octet-stream" Accept="*/*" Accept-Encoding="gzip, deflate" Authorization="Bea..." Host="investmentportfolio-wcf.scm.azurewebsites.net" User-Agent="AZURECLI/2.80.0 (MSI)" x-ms-client-request-id="db5ae41e-e329-11f0-b281-4c445b6a7846" X-ARR-LOG-ID="db5ae41e-e329-11f0-b281-4c445b6a7846" CLIENT-IP="176.79.166.60:62452" X-SITE-DEPLOYMENT-ID="investmentportfolio-wcf" WAS-DEFAULT-HOSTNAME="investmentportfolio-wcf.scm.azurewebsites.net" X-Forwarded-Proto="https" X-AppService-Proto="https" X-Forwarded-TlsVersion="1.3" X-WAWS-Unencoded-URL="/api/publish?type=zip" X-MS-COLDSTART="1" >
  <step title="OneDeploy" date="2025-12-27T13:42:37.992" >
    <step title="Starting PushDeployAsync" date="2025-12-27T13:42:38.118" /><!-- duration: 0ms -->
    <step title="Updating shutdown sentinel last write time" date="2025-12-27T13:42:38.353" SemaphoreCount="7" /><!-- duration: 20ms -->
    <step title="LockFile &apos;C:\home\site\locks\deployments.lock&apos; acquired" date="2025-12-27T13:42:38.383" /><!-- duration: 19ms -->
    <step title="Saving request content to C:\local\Temp\zipdeploy\cw1juo3m.zip" date="2025-12-27T13:42:38.414" >
      <step title="Total 11,475,346 bytes written to C:\local\Temp\zipdeploy\cw1juo3m.zip" date="2025-12-27T13:42:39.039" /><!-- duration: 47ms -->
    </step><!-- duration: 692ms -->
    <step title="LockFile &apos;C:\home\site\locks\deployments.lock&apos; released" date="2025-12-27T13:42:39.136" /><!-- duration: 0ms -->
    <step title="Deleting shutdown sentinel file" date="2025-12-27T13:42:39.164" SemaphoreCount="8" /><!-- duration: 0ms -->
    <step title="Starting FetchDeploy" date="2025-12-27T13:42:39.199" /><!-- duration: 12ms -->
    <step title="Attempting to fetch target branch HEAD" date="2025-12-27T13:42:39.211" /><!-- duration: 0ms -->
    <step title="Updating shutdown sentinel last write time" date="2025-12-27T13:42:39.227" SemaphoreCount="7" /><!-- duration: 16ms -->
    <step title="LockFile &apos;C:\home\site\locks\deployments.lock&apos; acquired" date="2025-12-27T13:42:39.242" /><!-- duration: 0ms -->
    <step title="Performing fetch based deployment" date="2025-12-27T13:42:39.289" >
      <step title="Creating temporary deployment" date="2025-12-27T13:42:39.289" /><!-- duration: 188ms -->
      <step title="Fetching changes." date="2025-12-27T13:42:39.664" /><!-- duration: 0ms -->
      <step title="Starting LocalZipHandler" date="2025-12-27T13:42:39.695" /><!-- duration: 17ms -->
      <step title="Starting LocalZipFetch" date="2025-12-27T13:42:39.727" /><!-- duration: 0ms -->
      <step title="Cleaning up temp folders from previous zip deployments and extracting pushed zip file C:\local\Temp\zipdeploy\cw1juo3m.zip (10.94 MB) to C:\local\Temp\zipdeploy\extracted" date="2025-12-27T13:42:39.742" /><!-- duration: 0ms -->
      <step title="Cleaning up temp folders from previous zip deployments and extracting pushed zip file C:\local\Temp\zipdeploy\cw1juo3m.zip (10.94 MB) to C:\local\Temp\zipdeploy\extracted" date="2025-12-27T13:42:39.742" >
        <step title="Extracting 154 entries to C:\local\Temp\zipdeploy\extracted directory" date="2025-12-27T13:42:39.792" >
          <step title="Extracting to C:\local\Temp\zipdeploy\extracted\cs\Microsoft.Data.SqlClient.resources.dll ..." date="2025-12-27T13:42:39.836" /><!-- duration: 62ms -->
          <step title="Extracting to C:\local\Temp\zipdeploy\extracted\cs\System.ServiceModel.Primitives.resources.dll ..." date="2025-12-27T13:42:39.899" /><!-- duration: 16ms -->
          <step title="Extracting to C:\local\Temp\zipdeploy\extracted\cs\System.Web.Services.Description.resources.dll ..." date="2025-12-27T13:42:39.914" /><!-- duration: 0ms -->
          <step title="Extracting to C:\local\Temp\zipdeploy\extracted\de\Microsoft.Data.SqlClient.resources.dll ..." date="2025-12-27T13:42:39.930" /><!-- duration: 18ms -->
          <step title="Extracting to C:\local\Temp\zipdeploy\extracted\de\System.ServiceModel.Primitives.resources.dll ..." date="2025-12-27T13:42:39.948" /><!-- duration: 13ms -->
          <step title="Omitting extracting file traces ..." date="2025-12-27T13:42:39.961" /><!-- duration: 16ms -->
        </step><!-- duration: 2296ms -->
      </step><!-- duration: 2375ms -->
      <step title="None repository commit" date="2025-12-27T13:42:42.117" >
        <step title="Commit id: 38f420ee7bcd4836b3af0e15327ef73d" date="2025-12-27T13:42:42.133" Message="OneDeploy" AuthorName="N/A" AuthorEmail="N/A" /><!-- duration: 16ms -->
      </step><!-- duration: 31ms -->
      <step title="Before sending BuildRequestReceived status to /api/updatedeploystatus" date="2025-12-27T13:42:42.149" /><!-- duration: 0ms -->
      <step title="DeploymentManager.Deploy(id:38f420ee7bcd4836b3af0e15327ef73d)" date="2025-12-27T13:42:42.164" >
        <step title="Collecting changeset information" date="2025-12-27T13:42:42.183" /><!-- duration: 60ms -->
        <step title="Updating submodules" date="2025-12-27T13:42:42.260" >
          <step title="Updating submodules." date="2025-12-27T13:42:42.305" /><!-- duration: 0ms -->
        </step><!-- duration: 61ms -->
        <step title="Preparing deployment for commit id &apos;38f420ee7b&apos;." date="2025-12-27T13:42:42.414" /><!-- duration: 16ms -->
        <step title="Determining deployment builder" date="2025-12-27T13:42:42.492" >
          <step title="Builder is OneDeployBuilder" date="2025-12-27T13:42:42.508" /><!-- duration: 16ms -->
        </step><!-- duration: 32ms -->
        <step title="Copying SSH keys" date="2025-12-27T13:42:42.558" /><!-- duration: 28ms -->
        <step title="Building" date="2025-12-27T13:42:42.586" >
          <step title="Running build. Project type: OneDeploy" date="2025-12-27T13:42:42.649" /><!-- duration: 16ms -->
          <step title="Copying the manifest" date="2025-12-27T13:42:42.730" /><!-- duration: 0ms -->
          <step title="Clean deploying to C:\home\site\wwwroot" date="2025-12-27T13:42:42.789" /><!-- duration: 0ms -->
          <step title="Generating deployment script." date="2025-12-27T13:42:42.867" /><!-- duration: 0ms -->
          <step title="Generating deployment script" date="2025-12-27T13:42:42.887" >
            <step title="Using cached version of the deployment script for command: -y --no-dot-deployment -r &quot;C:\local\Temp\zipdeploy\extracted&quot; -o &quot;C:\home\site\deployments\tools&quot; --basic --sitePath &quot;C:\local\Temp\zipdeploy\extracted&quot;" date="2025-12-27T13:42:43.057" /><!-- duration: 30ms -->
            <step title="Using cached version of deployment script (command: &apos;azure -y --no-dot-deployment -r &quot;C:\local\Temp\zipdeploy\extracted&quot; -o &quot;C:\home\site\deployments\tools&quot; --basic --sitePath &quot;C:\local\Temp\zipdeploy\extracted&quot;&apos;)." date="2025-12-27T13:42:43.118" /><!-- duration: 0ms -->
          </step><!-- duration: 246ms -->
          <step title="Running deployment command..." date="2025-12-27T13:42:43.196" /><!-- duration: 0ms -->
          <step title="Command: &quot;C:\home\site\deployments\tools\deploy.cmd&quot;" date="2025-12-27T13:42:43.227" /><!-- duration: 20ms -->
          <step title="Executing external process" date="2025-12-27T13:42:43.276" type="process" path="starter.cmd" arguments="&quot;C:\home\site\deployments\tools\deploy.cmd&quot;" >
            <step title="Handling Basic Web Site deployment." date="2025-12-27T13:42:46.980" /><!-- duration: 498ms -->
            <step title="Creating app_offline.htm" date="2025-12-27T13:42:48.431" /><!-- duration: 36ms -->
            <step title="KuduSync.NET from: &apos;C:\local\Temp\zipdeploy\extracted&apos; to: &apos;C:\home\site\wwwroot&apos;" date="2025-12-27T13:42:48.497" /><!-- duration: 0ms -->
            <step title="Copying file: &apos;InvestmentPortfolio.Wcf.dll&apos;" date="2025-12-27T13:42:48.526" /><!-- duration: 19ms -->
            <step title="Copying file: &apos;InvestmentPortfolio.Wcf.exe&apos;" date="2025-12-27T13:42:48.588" /><!-- duration: 17ms -->
            <step title="Copying file: &apos;InvestmentPortfolio.Wcf.pdb&apos;" date="2025-12-27T13:42:48.654" /><!-- duration: 0ms -->
            <step title="Copying file: &apos;publish\publish\publish\appsettings.json&apos;" date="2025-12-27T13:42:48.683" /><!-- duration: 19ms -->
            <step title="Copying file: &apos;publish\publish\publish\appsettings.Production.json&apos;" date="2025-12-27T13:42:48.732" /><!-- duration: 0ms -->
            <step title="Copying file: &apos;publish\publish\publish\InvestmentPortfolio.Wcf.deps.json&apos;" date="2025-12-27T13:42:48.762" /><!-- duration: 20ms -->
            <step title="Copying file: &apos;publish\publish\publish\InvestmentPortfolio.Wcf.runtimeconfig.json&apos;" date="2025-12-27T13:42:48.811" /><!-- duration: 0ms -->
            <step title="Copying file: &apos;publish\publish\publish\InvestmentPortfolio.Wcf.staticwebassets.endpoints.json&apos;" date="2025-12-27T13:42:48.840" /><!-- duration: 13ms -->
            <step title="Copying file: &apos;publish\publish\publish\web.config&apos;" date="2025-12-27T13:42:48.889" /><!-- duration: 12ms -->
            <step title="Deleting app_offline.htm" date="2025-12-27T13:42:48.938" /><!-- duration: 10ms -->
            <step title="Finished successfully." date="2025-12-27T13:42:48.996" /><!-- duration: 19ms -->
          </step><!-- duration: 5749ms -->
          <step title="Build completed succesfully." date="2025-12-27T13:42:49.736" /><!-- duration: 19ms -->
          <step title="Running post deployment command(s)..." date="2025-12-27T13:42:49.877" /><!-- duration: 0ms -->
          <step title="Requesting site restart" date="2025-12-27T13:42:50.002" /><!-- duration: 0ms -->
          <step title="Requesting site restart" date="2025-12-27T13:42:50.017" /><!-- duration: 0ms -->
          <step title="Requesting site restart. Attempt #1" date="2025-12-27T13:42:50.111" /><!-- duration: 0ms -->
          <step title="Requesting site restart. Attempt #1" date="2025-12-27T13:42:50.127" /><!-- duration: 19ms -->
          <step title="Successfully requested a restart. Attempt #1" date="2025-12-27T13:42:51.580" /><!-- duration: 0ms -->
          <step title="Successfully requested a restart. Attempt #1" date="2025-12-27T13:42:51.613" /><!-- duration: 19ms -->
          <step title="Deployment successful. DEPLOYMENTINFO: deploymentPath = OneDeploy, deployer = OneDeploy, os = windows, sku = Basic, siteName = investmentportfolio-wcf, siteHostName = investmentportfolio-wcf.azurewebsites.net, deploymentStatus = Success" date="2025-12-27T13:42:51.692" /><!-- duration: 13ms -->
        </step><!-- duration: 9525ms -->
      </step><!-- duration: 9947ms -->
      <step title="Cleaning up temp files" date="2025-12-27T13:42:52.129" /><!-- duration: 18ms -->
      <step title="Skip function trigger and logicapp sync because function is not enabled." date="2025-12-27T13:42:52.177" /><!-- duration: 0ms -->
    </step><!-- duration: 12964ms -->
    <step title="LockFile &apos;C:\home\site\locks\deployments.lock&apos; released" date="2025-12-27T13:42:52.268" /><!-- duration: 0ms -->
    <step title="Deleting shutdown sentinel file" date="2025-12-27T13:42:52.283" SemaphoreCount="8" /><!-- duration: 0ms -->
  </step><!-- duration: 14291ms -->
  <step title="Outgoing response" date="2025-12-27T13:42:52.393" type="response" statusCode="200" statusText="OK" Server="Microsoft-IIS/10.0" x-ms-request-id="db5ae41e-e329-11f0-b281-4c445b6a7846" Cache-Control="private" X-AspNet-Version="4.0.30319" /><!-- duration: 18ms -->
</step><!-- duration: 16850ms -->
