<step title="Incoming Request" date="2025-12-27T12:24:50.144" instance="d1e1e3" url="/api/zipdeploy?isAsync=true" method="POST" type="request" pid="6340,2,7" Content-Length="11105427" Content-Type="application/zip; charset=utf-8" Content-Encoding="utf-8" Authorization="Bea..." Expect="100-continue" Host="investmentportfolio-wcf.scm.azurewebsites.net" User-Agent="websdk/WebSdk_VisualStudio_18.0" X-ARR-LOG-ID="0e52e485-a684-482f-ab7f-ce732cd4fa00" CLIENT-IP="176.79.166.60:49995" X-SITE-DEPLOYMENT-ID="investmentportfolio-wcf" WAS-DEFAULT-HOSTNAME="investmentportfolio-wcf.scm.azurewebsites.net" X-Forwarded-Proto="https" X-AppService-Proto="https" X-Forwarded-TlsVersion="1.3" X-WAWS-Unencoded-URL="/api/zipdeploy?isAsync=true" >
  <step title="Cleanup Xml Logs" date="2025-12-27T12:24:50.163" /><!-- duration: 11ms -->
  <step title="ZipPushDeploy" date="2025-12-27T12:24:50.348" >
    <step title="ZipDeploy. Extract zip. " date="2025-12-27T12:24:50.427" /><!-- duration: 0ms -->
    <step title="Starting PushDeployAsync" date="2025-12-27T12:24:50.440" /><!-- duration: 0ms -->
    <step title="Updating shutdown sentinel last write time" date="2025-12-27T12:24:50.661" SemaphoreCount="7" /><!-- duration: 31ms -->
    <step title="LockFile &apos;C:\home\site\locks\deployments.lock&apos; acquired" date="2025-12-27T12:24:50.708" /><!-- duration: 0ms -->
    <step title="Saving request content to C:\local\Temp\zipdeploy\scw2abfq.zip" date="2025-12-27T12:24:50.723" >
      <step title="Total 11,105,427 bytes written to C:\local\Temp\zipdeploy\scw2abfq.zip" date="2025-12-27T12:24:51.115" /><!-- duration: 0ms -->
    </step><!-- duration: 391ms -->
    <step title="LockFile &apos;C:\home\site\locks\deployments.lock&apos; released" date="2025-12-27T12:24:51.129" /><!-- duration: 0ms -->
    <step title="Deleting shutdown sentinel file" date="2025-12-27T12:24:51.129" SemaphoreCount="8" /><!-- duration: 16ms -->
    <step title="Starting FetchDeploy" date="2025-12-27T12:24:51.164" /><!-- duration: 0ms -->
    <step title="Start deployment in the background" date="2025-12-27T12:24:51.164" /><!-- duration: 247ms -->
  </step><!-- duration: 1082ms -->
  <step title="Outgoing response" date="2025-12-27T12:24:51.460" type="response" statusCode="202" statusText="Accepted" Server="Microsoft-IIS/10.0" x-ms-request-id="0e52e485-a684-482f-ab7f-ce732cd4fa00" Retry-After="30" Cache-Control="private" X-AspNet-Version="4.0.30319" Location="https://investmentportfolio-wcf.scm.azurewebsites.net/api/deployments/latest?deployer=ZipDeploy&amp;time=2025-12-27_12-24-51Z" /><!-- duration: 30ms -->
</step><!-- duration: 1361ms -->
