<step title="BackgroundTrace" date="2025-12-27T12:35:10.735" instance="d1e1e3" url="/api/zipdeploy" method="POST" >
  <step title="Updating shutdown sentinel last write time" date="2025-12-27T12:35:10.766" SemaphoreCount="7" /><!-- duration: 0ms -->
  <step title="LockFile &apos;C:\home\site\locks\deployments.lock&apos; acquired" date="2025-12-27T12:35:10.784" /><!-- duration: 14ms -->
  <step title="Creating temporary deployment" date="2025-12-27T12:35:10.798" /><!-- duration: 143ms -->
  <step title="Performing fetch based deployment" date="2025-12-27T12:35:10.954" >
    <step title="Fetching changes." date="2025-12-27T12:35:11.126" /><!-- duration: 31ms -->
    <step title="Starting LocalZipHandler" date="2025-12-27T12:35:11.175" /><!-- duration: 13ms -->
    <step title="Cleaning up temp folders from previous zip deployments and extracting pushed zip file C:\local\Temp\zipdeploy\urjipyhx.zip (10.61 MB) to C:\local\Temp\zipdeploy\extracted" date="2025-12-27T12:35:11.223" /><!-- duration: 12ms -->
    <step title="Cleaning up temp folders from previous zip deployments and extracting pushed zip file C:\local\Temp\zipdeploy\urjipyhx.zip (10.61 MB) to C:\local\Temp\zipdeploy\extracted" date="2025-12-27T12:35:11.235" >
      <step title="Renaming extractTargetDirectory(C:\local\Temp\zipdeploy\extracted) to tempDirectory(C:\local\Temp\zipdeploy\zqvzg01s.1wb)" date="2025-12-27T12:35:11.235" /><!-- duration: 0ms -->
      <step title="Extracting 130 entries to C:\local\Temp\zipdeploy\extracted directory" date="2025-12-27T12:35:11.849" >
        <step title="Extracting to C:\local\Temp\zipdeploy\extracted\cs\Microsoft.Data.SqlClient.resources.dll ..." date="2025-12-27T12:35:11.879" /><!-- duration: 50ms -->
        <step title="Extracting to C:\local\Temp\zipdeploy\extracted\cs\System.ServiceModel.Primitives.resources.dll ..." date="2025-12-27T12:35:11.941" /><!-- duration: 17ms -->
        <step title="Extracting to C:\local\Temp\zipdeploy\extracted\cs\System.Web.Services.Description.resources.dll ..." date="2025-12-27T12:35:11.973" /><!-- duration: 0ms -->
        <step title="Extracting to C:\local\Temp\zipdeploy\extracted\de\Microsoft.Data.SqlClient.resources.dll ..." date="2025-12-27T12:35:11.973" /><!-- duration: 16ms -->
        <step title="Extracting to C:\local\Temp\zipdeploy\extracted\de\System.ServiceModel.Primitives.resources.dll ..." date="2025-12-27T12:35:11.988" /><!-- duration: 16ms -->
        <step title="Omitting extracting file traces ..." date="2025-12-27T12:35:12.020" /><!-- duration: 16ms -->
      </step><!-- duration: 2123ms -->
    </step><!-- duration: 2738ms -->
    <step title="Before sending BuildRequestReceived status to /api/updatedeploystatus" date="2025-12-27T12:35:14.004" /><!-- duration: 17ms -->
    <step title="DeploymentManager.Deploy(id:ab24b51f1d39492cad02cd8f76cf298d)" date="2025-12-27T12:35:14.036" >
      <step title="Collecting changeset information" date="2025-12-27T12:35:14.051" /><!-- duration: 65ms -->
      <step title="Updating submodules" date="2025-12-27T12:35:14.129" >
        <step title="Updating submodules." date="2025-12-27T12:35:14.176" /><!-- duration: 0ms -->
      </step><!-- duration: 67ms -->
      <step title="Preparing deployment for commit id &apos;ab24b51f1d&apos;." date="2025-12-27T12:35:14.285" /><!-- duration: 0ms -->
      <step title="Determining deployment builder" date="2025-12-27T12:35:14.363" >
        <step title="Builder is BasicBuilder" date="2025-12-27T12:35:14.395" /><!-- duration: 0ms -->
      </step><!-- duration: 49ms -->
      <step title="Copying SSH keys" date="2025-12-27T12:35:14.442" /><!-- duration: 31ms -->
      <step title="Building" date="2025-12-27T12:35:14.473" >
        <step title="Generating deployment script." date="2025-12-27T12:35:14.645" /><!-- duration: 0ms -->
        <step title="Generating deployment script" date="2025-12-27T12:35:14.660" >
          <step title="Using cached version of the deployment script for command: -y --no-dot-deployment -r &quot;C:\local\Temp\zipdeploy\extracted&quot; -o &quot;C:\home\site\deployments\tools&quot; --basic --sitePath &quot;C:\local\Temp\zipdeploy\extracted&quot;" date="2025-12-27T12:35:14.817" /><!-- duration: 0ms -->
          <step title="Using cached version of deployment script (command: &apos;azure -y --no-dot-deployment -r &quot;C:\local\Temp\zipdeploy\extracted&quot; -o &quot;C:\home\site\deployments\tools&quot; --basic --sitePath &quot;C:\local\Temp\zipdeploy\extracted&quot;&apos;)." date="2025-12-27T12:35:14.832" /><!-- duration: 0ms -->
        </step><!-- duration: 172ms -->
        <step title="Running deployment command..." date="2025-12-27T12:35:14.895" /><!-- duration: 0ms -->
        <step title="Command: &quot;C:\home\site\deployments\tools\deploy.cmd&quot;" date="2025-12-27T12:35:14.926" /><!-- duration: 0ms -->
        <step title="Executing external process" date="2025-12-27T12:35:14.973" type="process" path="starter.cmd" arguments="&quot;C:\home\site\deployments\tools\deploy.cmd&quot;" >
          <step title="Handling Basic Web Site deployment." date="2025-12-27T12:35:16.364" /><!-- duration: 0ms -->
          <step title="Creating app_offline.htm" date="2025-12-27T12:35:16.364" /><!-- duration: 15ms -->
          <step title="KuduSync.NET from: &apos;C:\local\Temp\zipdeploy\extracted&apos; to: &apos;C:\home\site\wwwroot&apos;" date="2025-12-27T12:35:16.379" /><!-- duration: 0ms -->
          <step title="Copying file: &apos;publish\publish\appsettings.json&apos;" date="2025-12-27T12:35:16.395" /><!-- duration: 0ms -->
          <step title="Copying file: &apos;publish\publish\appsettings.Production.json&apos;" date="2025-12-27T12:35:16.410" /><!-- duration: 0ms -->
          <step title="Copying file: &apos;publish\publish\InvestmentPortfolio.Wcf.deps.json&apos;" date="2025-12-27T12:35:16.426" /><!-- duration: 0ms -->
          <step title="Copying file: &apos;publish\publish\InvestmentPortfolio.Wcf.runtimeconfig.json&apos;" date="2025-12-27T12:35:16.426" /><!-- duration: 16ms -->
          <step title="Copying file: &apos;publish\publish\InvestmentPortfolio.Wcf.staticwebassets.endpoints.json&apos;" date="2025-12-27T12:35:16.442" /><!-- duration: 0ms -->
          <step title="Copying file: &apos;publish\publish\web.config&apos;" date="2025-12-27T12:35:16.457" /><!-- duration: 0ms -->
          <step title="Deleting app_offline.htm" date="2025-12-27T12:35:16.457" /><!-- duration: 16ms -->
          <step title="Finished successfully." date="2025-12-27T12:35:16.473" /><!-- duration: 0ms -->
        </step><!-- duration: 1515ms -->
        <step title="Running post deployment command(s)..." date="2025-12-27T12:35:16.535" /><!-- duration: 0ms -->
        <step title="Triggering recycle (preview mode disabled)." date="2025-12-27T12:35:16.663" /><!-- duration: 0ms -->
        <step title="Ignoring FS watcher based recycle request as this is a classic Windows app." date="2025-12-27T12:35:16.663" /><!-- duration: 12ms -->
        <step title="Deployment successful. DEPLOYMENTINFO: deploymentPath = ZipDeploy. Extract zip. , deployer = ZipDeploy, os = windows, sku = Basic, siteName = investmentportfolio-wcf, siteHostName = investmentportfolio-wcf.azurewebsites.net, deploymentStatus = Success" date="2025-12-27T12:35:16.754" /><!-- duration: 18ms -->
      </step><!-- duration: 2578ms -->
    </step><!-- duration: 3031ms -->
    <step title="Cleaning up temp files" date="2025-12-27T12:35:17.067" /><!-- duration: 16ms -->
    <step title="Skip function trigger and logicapp sync because function is not enabled." date="2025-12-27T12:35:17.098" /><!-- duration: 20ms -->
  </step><!-- duration: 6222ms -->
  <step title="LockFile &apos;C:\home\site\locks\deployments.lock&apos; released" date="2025-12-27T12:35:17.176" /><!-- duration: 16ms -->
  <step title="Deleting shutdown sentinel file" date="2025-12-27T12:35:17.192" SemaphoreCount="8" /><!-- duration: 16ms -->
</step><!-- duration: 6492ms -->
