<step title="Incoming Request" date="2025-12-27T12:28:03.307" instance="d1e1e3" url="/api/zipdeploy?isAsync=true" method="POST" type="request" pid="6340,2,21" Cache-Control="no-cache" Content-Length="11115453" Content-Type="application/octet-stream" Accept="*/*" Accept-Encoding="gzip, deflate" Authorization="Bea..." Host="investmentportfolio-wcf.scm.azurewebsites.net" User-Agent="AZURECLI/2.80.0 (MSI)" x-ms-client-request-id="77d6a5ba-e31f-11f0-a99c-4c445b6a7846" X-ARR-LOG-ID="77d6a5ba-e31f-11f0-a99c-4c445b6a7846" CLIENT-IP="176.79.166.60:50699" X-SITE-DEPLOYMENT-ID="investmentportfolio-wcf" WAS-DEFAULT-HOSTNAME="investmentportfolio-wcf.scm.azurewebsites.net" X-Forwarded-Proto="https" X-AppService-Proto="https" X-Forwarded-TlsVersion="1.3" X-WAWS-Unencoded-URL="/api/zipdeploy?isAsync=true" >
  <step title="Cleanup Xml Logs" date="2025-12-27T12:28:03.432" /><!-- duration: 107ms -->
  <step title="ZipPushDeploy" date="2025-12-27T12:28:03.725" >
    <step title="ZipDeploy. Extract zip. " date="2025-12-27T12:28:03.803" /><!-- duration: 125ms -->
    <step title="Starting PushDeployAsync" date="2025-12-27T12:28:04.041" /><!-- duration: 12ms -->
    <step title="Updating shutdown sentinel last write time" date="2025-12-27T12:28:04.229" SemaphoreCount="7" /><!-- duration: 217ms -->
    <step title="LockFile &apos;C:\home\site\locks\deployments.lock&apos; acquired" date="2025-12-27T12:28:04.728" /><!-- duration: 91ms -->
    <step title="Saving request content to C:\local\Temp\zipdeploy\2ww5lwws.zip" date="2025-12-27T12:28:04.835" >
      <step title="Total 11,115,453 bytes written to C:\local\Temp\zipdeploy\2ww5lwws.zip" date="2025-12-27T12:28:09.819" /><!-- duration: 209ms -->
    </step><!-- duration: 5410ms -->
    <step title="LockFile &apos;C:\home\site\locks\deployments.lock&apos; released" date="2025-12-27T12:28:10.759" /><!-- duration: 126ms -->
    <step title="Deleting shutdown sentinel file" date="2025-12-27T12:28:11.412" SemaphoreCount="8" /><!-- duration: 367ms -->
    <step title="Starting FetchDeploy" date="2025-12-27T12:28:11.937" /><!-- duration: 168ms -->
    <step title="Start deployment in the background" date="2025-12-27T12:28:12.327" /><!-- duration: 807ms -->
  </step><!-- duration: 9440ms -->
  <step title="Outgoing response" date="2025-12-27T12:28:13.212" type="response" statusCode="202" statusText="Accepted" Server="Microsoft-IIS/10.0" x-ms-request-id="77d6a5ba-e31f-11f0-a99c-4c445b6a7846" Retry-After="30" Cache-Control="private" X-AspNet-Version="4.0.30319" Location="https://investmentportfolio-wcf.scm.azurewebsites.net/api/deployments/latest?deployer=ZipDeploy&amp;time=2025-12-27_12-28-13Z" /><!-- duration: 47ms -->
</step><!-- duration: 9969ms -->
