<step title="Incoming Request" date="2025-12-27T13:55:41.717" instance="d1e1e3" url="/api/publish?type=zip" method="POST" type="request" pid="7604,2,18" Cache-Control="no-cache" Content-Length="11486663" Content-Type="application/octet-stream" Accept="*/*" Accept-Encoding="gzip, deflate" Authorization="Bea..." Host="investmentportfolio-wcf.scm.azurewebsites.net" User-Agent="AZURECLI/2.80.0 (MSI)" x-ms-client-request-id="b8280255-e32b-11f0-a777-4c445b6a7846" X-ARR-LOG-ID="b8280255-e32b-11f0-a777-4c445b6a7846" CLIENT-IP="176.79.166.60:62612" X-SITE-DEPLOYMENT-ID="investmentportfolio-wcf" WAS-DEFAULT-HOSTNAME="investmentportfolio-wcf.scm.azurewebsites.net" X-Forwarded-Proto="https" X-AppService-Proto="https" X-Forwarded-TlsVersion="1.3" X-WAWS-Unencoded-URL="/api/publish?type=zip" >
  <step title="Cleanup Xml Logs" date="2025-12-27T13:55:41.734" /><!-- duration: 0ms -->
  <step title="OneDeploy" date="2025-12-27T13:55:43.764" >
    <step title="Starting PushDeployAsync" date="2025-12-27T13:55:43.811" /><!-- duration: 20ms -->
    <step title="Updating shutdown sentinel last write time" date="2025-12-27T13:55:44.029" SemaphoreCount="7" /><!-- duration: 0ms -->
    <step title="LockFile &apos;C:\home\site\locks\deployments.lock&apos; acquired" date="2025-12-27T13:55:44.061" /><!-- duration: 0ms -->
    <step title="Saving request content to C:\local\Temp\zipdeploy\i5ndxc25.zip" date="2025-12-27T13:55:44.108" >
      <step title="Total 11,486,663 bytes written to C:\local\Temp\zipdeploy\i5ndxc25.zip" date="2025-12-27T13:55:44.639" /><!-- duration: 0ms -->
    </step><!-- duration: 531ms -->
    <step title="LockFile &apos;C:\home\site\locks\deployments.lock&apos; released" date="2025-12-27T13:55:44.655" /><!-- duration: 0ms -->
    <step title="Deleting shutdown sentinel file" date="2025-12-27T13:55:44.670" SemaphoreCount="8" /><!-- duration: 0ms -->
    <step title="Starting FetchDeploy" date="2025-12-27T13:55:44.670" /><!-- duration: 16ms -->
    <step title="Attempting to fetch target branch HEAD" date="2025-12-27T13:55:44.686" /><!-- duration: 16ms -->
    <step title="Updating shutdown sentinel last write time" date="2025-12-27T13:55:44.717" SemaphoreCount="7" /><!-- duration: 0ms -->
    <step title="LockFile &apos;C:\home\site\locks\deployments.lock&apos; acquired" date="2025-12-27T13:55:44.733" /><!-- duration: 0ms -->
    <step title="Performing fetch based deployment" date="2025-12-27T13:55:44.764" >
      <step title="Creating temporary deployment" date="2025-12-27T13:55:44.764" /><!-- duration: 141ms -->
      <step title="Fetching changes." date="2025-12-27T13:55:45.045" /><!-- duration: 18ms -->
      <step title="Starting LocalZipHandler" date="2025-12-27T13:55:45.111" /><!-- duration: 0ms -->
      <step title="Starting LocalZipFetch" date="2025-12-27T13:55:45.123" /><!-- duration: 0ms -->
      <step title="Cleaning up temp folders from previous zip deployments and extracting pushed zip file C:\local\Temp\zipdeploy\i5ndxc25.zip (10.95 MB) to C:\local\Temp\zipdeploy\extracted" date="2025-12-27T13:55:45.139" /><!-- duration: 0ms -->
      <step title="Cleaning up temp folders from previous zip deployments and extracting pushed zip file C:\local\Temp\zipdeploy\i5ndxc25.zip (10.95 MB) to C:\local\Temp\zipdeploy\extracted" date="2025-12-27T13:55:45.139" >
        <step title="Extracting 160 entries to C:\local\Temp\zipdeploy\extracted directory" date="2025-12-27T13:55:45.201" >
          <step title="Extracting to C:\local\Temp\zipdeploy\extracted\cs\Microsoft.Data.SqlClient.resources.dll ..." date="2025-12-27T13:55:45.218" /><!-- duration: 62ms -->
          <step title="Extracting to C:\local\Temp\zipdeploy\extracted\cs\System.ServiceModel.Primitives.resources.dll ..." date="2025-12-27T13:55:45.296" /><!-- duration: 0ms -->
          <step title="Extracting to C:\local\Temp\zipdeploy\extracted\cs\System.Web.Services.Description.resources.dll ..." date="2025-12-27T13:55:45.311" /><!-- duration: 0ms -->
          <step title="Extracting to C:\local\Temp\zipdeploy\extracted\de\Microsoft.Data.SqlClient.resources.dll ..." date="2025-12-27T13:55:45.311" /><!-- duration: 34ms -->
          <step title="Extracting to C:\local\Temp\zipdeploy\extracted\de\System.ServiceModel.Primitives.resources.dll ..." date="2025-12-27T13:55:45.345" /><!-- duration: 13ms -->
          <step title="Omitting extracting file traces ..." date="2025-12-27T13:55:45.373" /><!-- duration: 0ms -->
        </step><!-- duration: 2188ms -->
      </step><!-- duration: 2298ms -->
      <step title="None repository commit" date="2025-12-27T13:55:47.486" >
        <step title="Commit id: 45a9dcd02a9641b88d45952e78f519ea" date="2025-12-27T13:55:47.486" Message="OneDeploy" AuthorName="N/A" AuthorEmail="N/A" /><!-- duration: 13ms -->
      </step><!-- duration: 29ms -->
      <step title="Before sending BuildRequestReceived status to /api/updatedeploystatus" date="2025-12-27T13:55:47.515" /><!-- duration: 0ms -->
      <step title="DeploymentManager.Deploy(id:45a9dcd02a9641b88d45952e78f519ea)" date="2025-12-27T13:55:47.545" >
        <step title="Collecting changeset information" date="2025-12-27T13:55:47.545" /><!-- duration: 96ms -->
        <step title="Updating submodules" date="2025-12-27T13:55:47.671" >
          <step title="Updating submodules." date="2025-12-27T13:55:47.717" /><!-- duration: 0ms -->
        </step><!-- duration: 62ms -->
        <step title="Preparing deployment for commit id &apos;45a9dcd02a&apos;." date="2025-12-27T13:55:47.826" /><!-- duration: 17ms -->
        <step title="Determining deployment builder" date="2025-12-27T13:55:47.936" >
          <step title="Builder is OneDeployBuilder" date="2025-12-27T13:55:47.936" /><!-- duration: 20ms -->
        </step><!-- duration: 31ms -->
        <step title="Copying SSH keys" date="2025-12-27T13:55:48.061" /><!-- duration: 31ms -->
        <step title="Building" date="2025-12-27T13:55:48.092" >
          <step title="Running build. Project type: OneDeploy" date="2025-12-27T13:55:48.170" /><!-- duration: 0ms -->
          <step title="Copying the manifest" date="2025-12-27T13:55:48.265" /><!-- duration: 0ms -->
          <step title="Clean deploying to C:\home\site\wwwroot" date="2025-12-27T13:55:48.326" /><!-- duration: 17ms -->
          <step title="Generating deployment script." date="2025-12-27T13:55:48.420" /><!-- duration: 16ms -->
          <step title="Generating deployment script" date="2025-12-27T13:55:48.453" >
            <step title="Using cached version of the deployment script for command: -y --no-dot-deployment -r &quot;C:\local\Temp\zipdeploy\extracted&quot; -o &quot;C:\home\site\deployments\tools&quot; --basic --sitePath &quot;C:\local\Temp\zipdeploy\extracted&quot;" date="2025-12-27T13:55:48.641" /><!-- duration: 14ms -->
            <step title="Using cached version of deployment script (command: &apos;azure -y --no-dot-deployment -r &quot;C:\local\Temp\zipdeploy\extracted&quot; -o &quot;C:\home\site\deployments\tools&quot; --basic --sitePath &quot;C:\local\Temp\zipdeploy\extracted&quot;&apos;)." date="2025-12-27T13:55:48.670" /><!-- duration: 16ms -->
          </step><!-- duration: 248ms -->
          <step title="Running deployment command..." date="2025-12-27T13:55:48.751" /><!-- duration: 13ms -->
          <step title="Command: &quot;C:\home\site\deployments\tools\deploy.cmd&quot;" date="2025-12-27T13:55:48.764" /><!-- duration: 16ms -->
          <step title="Executing external process" date="2025-12-27T13:55:48.800" type="process" path="starter.cmd" arguments="&quot;C:\home\site\deployments\tools\deploy.cmd&quot;" >
            <step title="Handling Basic Web Site deployment." date="2025-12-27T13:55:49.514" /><!-- duration: 0ms -->
            <step title="Creating app_offline.htm" date="2025-12-27T13:55:54.639" /><!-- duration: 16ms -->
            <step title="KuduSync.NET from: &apos;C:\local\Temp\zipdeploy\extracted&apos; to: &apos;C:\home\site\wwwroot&apos;" date="2025-12-27T13:55:54.686" /><!-- duration: 18ms -->
            <step title="Copying file: &apos;InvestmentPortfolio.Wcf.dll&apos;" date="2025-12-27T13:55:54.811" /><!-- duration: 0ms -->
            <step title="Copying file: &apos;InvestmentPortfolio.Wcf.exe&apos;" date="2025-12-27T13:55:54.952" /><!-- duration: 0ms -->
            <step title="Copying file: &apos;InvestmentPortfolio.Wcf.pdb&apos;" date="2025-12-27T13:55:54.970" /><!-- duration: 13ms -->
            <step title="Copying file: &apos;publish\publish\publish\publish\appsettings.json&apos;" date="2025-12-27T13:55:54.983" /><!-- duration: 0ms -->
            <step title="Copying file: &apos;publish\publish\publish\publish\appsettings.Production.json&apos;" date="2025-12-27T13:55:55.222" /><!-- duration: 137ms -->
            <step title="Copying file: &apos;publish\publish\publish\publish\InvestmentPortfolio.Wcf.deps.json&apos;" date="2025-12-27T13:55:55.795" /><!-- duration: 0ms -->
            <step title="Copying file: &apos;publish\publish\publish\publish\InvestmentPortfolio.Wcf.runtimeconfig.json&apos;" date="2025-12-27T13:55:55.811" /><!-- duration: 0ms -->
            <step title="Copying file: &apos;publish\publish\publish\publish\InvestmentPortfolio.Wcf.staticwebassets.endpoints.json&apos;" date="2025-12-27T13:55:55.826" /><!-- duration: 0ms -->
            <step title="Copying file: &apos;publish\publish\publish\publish\web.config&apos;" date="2025-12-27T13:55:55.842" /><!-- duration: 0ms -->
            <step title="Deleting app_offline.htm" date="2025-12-27T13:55:55.858" /><!-- duration: 0ms -->
            <step title="Finished successfully." date="2025-12-27T13:55:55.858" /><!-- duration: 16ms -->
          </step><!-- duration: 7073ms -->
          <step title="Build completed succesfully." date="2025-12-27T13:55:56.156" /><!-- duration: 20ms -->
          <step title="Running post deployment command(s)..." date="2025-12-27T13:55:56.248" /><!-- duration: 0ms -->
          <step title="Requesting site restart" date="2025-12-27T13:55:56.342" /><!-- duration: 19ms -->
          <step title="Requesting site restart" date="2025-12-27T13:55:56.420" /><!-- duration: 0ms -->
          <step title="Requesting site restart. Attempt #1" date="2025-12-27T13:55:56.483" /><!-- duration: 0ms -->
          <step title="Requesting site restart. Attempt #1" date="2025-12-27T13:55:56.498" /><!-- duration: 11ms -->
          <step title="Successfully requested a restart. Attempt #1" date="2025-12-27T13:55:57.814" /><!-- duration: 31ms -->
          <step title="Successfully requested a restart. Attempt #1" date="2025-12-27T13:55:57.863" /><!-- duration: 0ms -->
          <step title="Deployment successful. DEPLOYMENTINFO: deploymentPath = OneDeploy, deployer = OneDeploy, os = windows, sku = Basic, siteName = investmentportfolio-wcf, siteHostName = investmentportfolio-wcf.azurewebsites.net, deploymentStatus = Success" date="2025-12-27T13:55:57.908" /><!-- duration: 16ms -->
        </step><!-- duration: 10256ms -->
      </step><!-- duration: 10821ms -->
      <step title="Cleaning up temp files" date="2025-12-27T13:55:58.377" /><!-- duration: 18ms -->
      <step title="Skip function trigger and logicapp sync because function is not enabled." date="2025-12-27T13:55:58.424" /><!-- duration: 0ms -->
    </step><!-- duration: 13723ms -->
    <step title="LockFile &apos;C:\home\site\locks\deployments.lock&apos; released" date="2025-12-27T13:55:58.486" /><!-- duration: 16ms -->
    <step title="Deleting shutdown sentinel file" date="2025-12-27T13:55:58.502" SemaphoreCount="8" /><!-- duration: 31ms -->
  </step><!-- duration: 14786ms -->
  <step title="Outgoing response" date="2025-12-27T13:55:58.628" type="response" statusCode="200" statusText="OK" Server="Microsoft-IIS/10.0" x-ms-request-id="b8280255-e32b-11f0-a777-4c445b6a7846" Cache-Control="private" X-AspNet-Version="4.0.30319" /><!-- duration: 20ms -->
</step><!-- duration: 16931ms -->
