<step title="Incoming Request" date="2025-12-27T13:33:58.402" instance="d1e1e3" url="/api/zipdeploy?isAsync=true" method="POST" type="request" pid="7856,2,8" Cache-Control="no-cache" Connection="Keep-Alive" Content-Length="11453676" Content-Type="application/octet-stream" Accept="*/*" Accept-Encoding="gzip, deflate" Authorization="Bea..." Host="investmentportfolio-wcf.scm.azurewebsites.net" User-Agent="AZURECLI/2.80.0 (MSI)" x-ms-client-request-id="a7cf5261-e328-11f0-9e9f-4c445b6a7846" X-ARR-LOG-ID="a7cf5261-e328-11f0-9e9f-4c445b6a7846" CLIENT-IP="176.79.166.60:56615" X-SITE-DEPLOYMENT-ID="investmentportfolio-wcf" WAS-DEFAULT-HOSTNAME="investmentportfolio-wcf.scm.azurewebsites.net" X-Forwarded-Proto="https" X-AppService-Proto="https" X-Forwarded-TlsVersion="1.3" X-WAWS-Unencoded-URL="/api/zipdeploy?isAsync=true" X-MS-COLDSTART="1" >
  <step title="ZipPushDeploy" date="2025-12-27T13:34:00.921" >
    <step title="ZipDeploy. Extract zip. " date="2025-12-27T13:34:00.993" /><!-- duration: 17ms -->
    <step title="Starting PushDeployAsync" date="2025-12-27T13:34:01.029" /><!-- duration: 11ms -->
    <step title="Updating shutdown sentinel last write time" date="2025-12-27T13:34:01.243" SemaphoreCount="7" /><!-- duration: 17ms -->
    <step title="LockFile &apos;C:\home\site\locks\deployments.lock&apos; acquired" date="2025-12-27T13:34:01.280" /><!-- duration: 10ms -->
    <step title="Saving request content to C:\local\Temp\zipdeploy\xwyyqz0i.zip" date="2025-12-27T13:34:01.321" >
      <step title="Total 11,453,676 bytes written to C:\local\Temp\zipdeploy\xwyyqz0i.zip" date="2025-12-27T13:34:02.008" /><!-- duration: 17ms -->
    </step><!-- duration: 705ms -->
    <step title="LockFile &apos;C:\home\site\locks\deployments.lock&apos; released" date="2025-12-27T13:34:02.055" /><!-- duration: 0ms -->
    <step title="Deleting shutdown sentinel file" date="2025-12-27T13:34:02.071" SemaphoreCount="8" /><!-- duration: 0ms -->
    <step title="Starting FetchDeploy" date="2025-12-27T13:34:02.087" /><!-- duration: 0ms -->
    <step title="Start deployment in the background" date="2025-12-27T13:34:02.104" /><!-- duration: 224ms -->
  </step><!-- duration: 1416ms -->
  <step title="Outgoing response" date="2025-12-27T13:34:02.589" type="response" statusCode="202" statusText="Accepted" Server="Microsoft-IIS/10.0" x-ms-request-id="a7cf5261-e328-11f0-9e9f-4c445b6a7846" Retry-After="30" Cache-Control="private" X-AspNet-Version="4.0.30319" Location="https://investmentportfolio-wcf.scm.azurewebsites.net/api/deployments/latest?deployer=ZipDeploy&amp;time=2025-12-27_13-34-02Z" /><!-- duration: 13ms -->
</step><!-- duration: 4248ms -->
