<step title="Incoming Request" date="2025-12-27T12:50:31.628" instance="d1e1e3" url="/api/zipdeploy?isAsync=true" method="POST" type="request" pid="7156,2,17" Cache-Control="no-cache" Content-Length="13184418" Content-Type="application/octet-stream" Accept="*/*" Accept-Encoding="gzip, deflate" Authorization="Bea..." Host="investmentportfolio-wcf.scm.azurewebsites.net" User-Agent="AZURECLI/2.80.0 (MSI)" x-ms-client-request-id="9cd55f57-e322-11f0-9473-4c445b6a7846" X-ARR-LOG-ID="9cd55f57-e322-11f0-9473-4c445b6a7846" CLIENT-IP="176.79.166.60:60479" X-SITE-DEPLOYMENT-ID="investmentportfolio-wcf" WAS-DEFAULT-HOSTNAME="investmentportfolio-wcf.scm.azurewebsites.net" X-Forwarded-Proto="https" X-AppService-Proto="https" X-Forwarded-TlsVersion="1.3" X-WAWS-Unencoded-URL="/api/zipdeploy?isAsync=true" >
  <step title="Cleanup Xml Logs" date="2025-12-27T12:50:31.628" /><!-- duration: 16ms -->
  <step title="ZipPushDeploy" date="2025-12-27T12:50:33.409" >
    <step title="ZipDeploy. Extract zip. " date="2025-12-27T12:50:33.487" /><!-- duration: 0ms -->
    <step title="Starting PushDeployAsync" date="2025-12-27T12:50:33.507" /><!-- duration: 0ms -->
    <step title="Updating shutdown sentinel last write time" date="2025-12-27T12:50:33.550" SemaphoreCount="7" /><!-- duration: 17ms -->
    <step title="LockFile &apos;C:\home\site\locks\deployments.lock&apos; acquired" date="2025-12-27T12:50:33.566" /><!-- duration: 0ms -->
    <step title="Saving request content to C:\local\Temp\zipdeploy\ah2wj0zd.zip" date="2025-12-27T12:50:33.581" >
      <step title="Total 13,184,418 bytes written to C:\local\Temp\zipdeploy\ah2wj0zd.zip" date="2025-12-27T12:50:34.050" /><!-- duration: 0ms -->
    </step><!-- duration: 502ms -->
    <step title="LockFile &apos;C:\home\site\locks\deployments.lock&apos; released" date="2025-12-27T12:50:34.096" /><!-- duration: 0ms -->
    <step title="Deleting shutdown sentinel file" date="2025-12-27T12:50:34.096" SemaphoreCount="8" /><!-- duration: 16ms -->
    <step title="Starting FetchDeploy" date="2025-12-27T12:50:34.112" /><!-- duration: 0ms -->
    <step title="Start deployment in the background" date="2025-12-27T12:50:34.128" /><!-- duration: 251ms -->
  </step><!-- duration: 989ms -->
  <step title="Outgoing response" date="2025-12-27T12:50:34.487" type="response" statusCode="202" statusText="Accepted" Server="Microsoft-IIS/10.0" x-ms-request-id="9cd55f57-e322-11f0-9473-4c445b6a7846" Retry-After="30" Cache-Control="private" X-AspNet-Version="4.0.30319" Location="https://investmentportfolio-wcf.scm.azurewebsites.net/api/deployments/latest?deployer=ZipDeploy&amp;time=2025-12-27_12-50-34Z" /><!-- duration: 31ms -->
</step><!-- duration: 2938ms -->
