<step title="Incoming Request" date="2025-12-27T12:35:08.454" instance="d1e1e3" url="/api/zipdeploy?isAsync=true" method="POST" type="request" pid="7880,2,7" Cache-Control="no-cache" Content-Length="11124440" Content-Type="application/octet-stream" Accept="*/*" Accept-Encoding="gzip, deflate" Authorization="Bea..." Host="investmentportfolio-wcf.scm.azurewebsites.net" User-Agent="AZURECLI/2.80.0 (MSI)" x-ms-client-request-id="70466e28-e320-11f0-80a3-4c445b6a7846" X-ARR-LOG-ID="70466e28-e320-11f0-80a3-4c445b6a7846" CLIENT-IP="176.79.166.60:51832" X-SITE-DEPLOYMENT-ID="investmentportfolio-wcf" WAS-DEFAULT-HOSTNAME="investmentportfolio-wcf.scm.azurewebsites.net" X-Forwarded-Proto="https" X-AppService-Proto="https" X-Forwarded-TlsVersion="1.3" X-WAWS-Unencoded-URL="/api/zipdeploy?isAsync=true" >
  <step title="ZipPushDeploy" date="2025-12-27T12:35:09.770" >
    <step title="ZipDeploy. Extract zip. " date="2025-12-27T12:35:09.860" /><!-- duration: 0ms -->
    <step title="Starting PushDeployAsync" date="2025-12-27T12:35:09.878" /><!-- duration: 30ms -->
    <step title="Updating shutdown sentinel last write time" date="2025-12-27T12:35:10.132" SemaphoreCount="7" /><!-- duration: 29ms -->
    <step title="LockFile &apos;C:\home\site\locks\deployments.lock&apos; acquired" date="2025-12-27T12:35:10.161" /><!-- duration: 0ms -->
    <step title="Saving request content to C:\local\Temp\zipdeploy\urjipyhx.zip" date="2025-12-27T12:35:10.173" >
      <step title="Total 11,124,440 bytes written to C:\local\Temp\zipdeploy\urjipyhx.zip" date="2025-12-27T12:35:10.628" /><!-- duration: 0ms -->
    </step><!-- duration: 469ms -->
    <step title="LockFile &apos;C:\home\site\locks\deployments.lock&apos; released" date="2025-12-27T12:35:10.641" /><!-- duration: 16ms -->
    <step title="Deleting shutdown sentinel file" date="2025-12-27T12:35:10.657" SemaphoreCount="8" /><!-- duration: 0ms -->
    <step title="Starting FetchDeploy" date="2025-12-27T12:35:10.688" /><!-- duration: 17ms -->
    <step title="Start deployment in the background" date="2025-12-27T12:35:10.720" >
      <step title="Starting LocalZipFetch" date="2025-12-27T12:35:11.204" /><!-- duration: 19ms -->
    </step><!-- duration: 769ms -->
  </step><!-- duration: 1734ms -->
  <step title="Outgoing response" date="2025-12-27T12:35:14.522" type="response" statusCode="202" statusText="Accepted" Server="Microsoft-IIS/10.0" x-ms-request-id="70466e28-e320-11f0-80a3-4c445b6a7846" Retry-After="30" Cache-Control="private" X-AspNet-Version="4.0.30319" Location="https://investmentportfolio-wcf.scm.azurewebsites.net/api/deployments/latest?deployer=ZipDeploy&amp;time=2025-12-27_12-35-11Z" /><!-- duration: 0ms -->
</step><!-- duration: 6081ms -->
