﻿<?xml version="1.0" encoding="utf-8"?>
<deployment>
  <id>38f420ee7bcd4836b3af0e15327ef73d</id>
  <author>N/A</author>
  <deployer>OneDeploy</deployer>
  <authorEmail>N/A</authorEmail>
  <message>OneDeploy</message>
  <progress></progress>
  <status>Success</status>
  <statusText></statusText>
  <lastSuccessEndTime>2025-12-27T13:42:51.7367176Z</lastSuccessEndTime>
  <receivedTime>2025-12-27T13:42:42.1960079Z</receivedTime>
  <startTime>2025-12-27T13:42:42.4646751Z</startTime>
  <endTime>2025-12-27T13:42:51.7367176Z</endTime>
  <complete>True</complete>
  <is_temp>False</is_temp>
  <is_readonly>True</is_readonly>
  <project_type>OneDeploy</project_type>
  <vsproject_id></vsproject_id>
</deployment>