﻿<?xml version="1.0" encoding="utf-8"?>
<deployment>
  <id>7ad07381414b4fb18b0b2bd52f5bf0d8</id>
  <author>N/A</author>
  <deployer>OneDeploy</deployer>
  <authorEmail>N/A</authorEmail>
  <message>OneDeploy</message>
  <progress></progress>
  <status>Success</status>
  <statusText></statusText>
  <lastSuccessEndTime>2025-12-27T14:52:03.8968047Z</lastSuccessEndTime>
  <receivedTime>2025-12-27T14:51:58.4819569Z</receivedTime>
  <startTime>2025-12-27T14:51:58.6538383Z</startTime>
  <endTime>2025-12-27T14:52:03.8968047Z</endTime>
  <complete>True</complete>
  <is_temp>False</is_temp>
  <is_readonly>True</is_readonly>
  <project_type>OneDeploy</project_type>
  <vsproject_id></vsproject_id>
</deployment>