﻿<?xml version="1.0" encoding="utf-8"?>
<deployment>
  <id>229c9ffd22594926b1136ba9a9318005</id>
  <author>N/A</author>
  <deployer>ZipDeploy</deployer>
  <authorEmail>N/A</authorEmail>
  <message>Created via a push deployment</message>
  <progress></progress>
  <status>Success</status>
  <statusText></statusText>
  <lastSuccessEndTime>2025-12-27T13:34:13.4609444Z</lastSuccessEndTime>
  <receivedTime>2025-12-27T13:34:05.2745455Z</receivedTime>
  <startTime>2025-12-27T13:34:05.5557992Z</startTime>
  <endTime>2025-12-27T13:34:13.4609444Z</endTime>
  <complete>True</complete>
  <is_temp>False</is_temp>
  <is_readonly>True</is_readonly>
  <project_type>BASIC</project_type>
  <vsproject_id></vsproject_id>
</deployment>